AAACAAGTATCTCCCA-1	N.1
AAACATTTCCCGGATT-1	N.1
AAACCGTTCGTCCAGG-1	N.1
AAACCTAAGCAGCCGG-1	N.1
AAACGGGCGTACGGGT-1	N.1
AAAGGCTACGGACCAT-1	N.1
AAAGGCTCTCGCGCCG-1	N.1
AAATACCTATAAGCAT-1	N.1
AAATAGGGTGCTATTG-1	N.1
AAATCCGATACACGCC-1	N.1
AAATCTAGCCCTGCTA-1	N.1
AACACACGCTCGCCGC-1	N.1
AACATTGTGACTCGAG-1	N.1
AACCTCGCTTTAGCCC-1	N.1
AACCTTTAAATACGGT-1	N.1
AACGATAATGCCGTAG-1	N.1
AACGCTGTTGCTGAAA-1	N.1
AACGGACGTACGTATA-1	N.1
AACGTACTGTGGGTAC-1	N.1
AACTAGGCTTGGGTGT-1	N.1
AACTCCAGAGCGTGTT-1	N.3
AACTCTCAGTGTGCTC-1	N.1
AAGACCCAACTGAACA-1	N.1
AAGCACCCTGCGTATC-1	N.1
AAGCATACTCTCCTGA-1	N.1
AAGCTAGATCGAGTAA-1	N.1
AAGCTCTTTCATGGTG-1	N.1
AAGTGAGTCGGGTTTA-1	N.1
AAGTGTTTGGAGACGG-1	N.1
AAGTTCACTCCAAGCT-1	N.1
AATAGAACAGAGTGGC-1	N.1
AATAGAATCTGTTTCA-1	N.3
AATAGTCCGTCCCGAC-1	N.1
AATCATGTAAAGACTC-1	N.1
AATTAACGGATTTCCA-1	N.1
AATTAGCGCTGCAGCG-1	N.1
AATTCTAGAGTTAGGC-1	N.1
AATTGCAGCAATCGAC-1	N.1
ACAAAGCATGACCTAG-1	N.1
ACAAATCGCACCGAAT-1	N.1
ACAAGGAAATCCGCCC-1	N.1
ACAAGGATGCTTTAGG-1	N.1
ACAATTGTGTCTCTTT-1	N.1
ACACTGATCAAGGTGT-1	N.1
ACAGCGACATTCTCAT-1	N.1
ACAGGCTTGCCCGACT-1	N.1
ACATCCCGGCCATACG-1	N.1
ACATTAGTTTATATCC-1	N.1
ACCAACCGCACTCCAC-1	N.1
ACCAACGCTTATTTAT-1	N.1
ACCAATATGCAAGTTA-1	N.1
ACCACGTGCAGCTATA-1	N.1
ACCAGTGCGGGAGACG-1	N.1
ACCCATTTGTCCCTCT-1	N.1
ACCCGGAAACTCCCAG-1	N.1
ACCCGTGTCATCAGTA-1	N.1
ACCCTATGCCATATCG-1	N.1
ACCCTCCCTTGCTATT-1	N.1
ACCGACACATCTCCCA-1	N.1
ACCGCAATAACTGCCT-1	N.1
ACGCAAACTAATAGAT-1	N.1
ACGCATACGTTTACTA-1	N.3
ACGCGAAGTCAGACGA-1	N.1
ACGGACTCTCAAAGCG-1	N.1
ACGGATGGTGCGGATA-1	N.1
ACGGCACTTGCTTGGG-1	N.1
ACGGCCAACATGGACT-1	N.1
ACGGCGACGATGGGAA-1	N.1
ACGTTCGTTCAGGAAA-1	N.1
ACGTTCTGTACAAGTC-1	N.1
ACTACGCGTTAGAATT-1	N.1
ACTATTTCCGGGCCCA-1	N.1
ACTCAAGTGCAAGGCT-1	N.1
ACTCCCTAATGCTAAA-1	N.1
ACTCCCTAGAATAGTA-1	N.1
ACTGAAACGCCGTTAG-1	N.1
ACTGAATGGCGAAAGT-1	N.3
ACTTACGCATCCACGC-1	N.1
ACTTCAGGCTGATCCC-1	N.1
ACTTCCATGCGGGACA-1	N.1
AGAAGGTTGTAGGTCG-1	N.3
AGACCCACCGCTGATC-1	N.1
AGACGAAGTGCCGGTC-1	N.1
AGACTGTTACCGGGTC-1	N.1
AGAGGCTTCGGAAACC-1	N.1
AGATATAATACGACTA-1	N.1
AGCAAAGGCCGCTAGT-1	N.1
AGCACTACCTCACCAG-1	N.1
AGCAGAAGGAGAAAGA-1	N.1
AGCAGCCAGATGAATA-1	N.1
AGCATATCAATATGCT-1	N.1
AGCCAAGCTTTGTGTC-1	N.1
AGCCACAGGTTACCCG-1	N.1
AGCCCGGTAGCCTGTA-1	N.1
AGCGCATAATGAATCG-1	N.1
AGCGGACACTTCGTAG-1	N.1
AGCTAAGTACGCAGGC-1	N.1
AGCTCCTTCGCACATC-1	N.1
AGGAAGCTGTCCGCCG-1	N.1
AGGAGGCCTTCGCGCG-1	N.1
AGGATAAAGTCGGGAT-1	N.1
AGGCAGGGAGCGTACT-1	N.3
AGGCATTGTCGTAGGG-1	N.1
AGGCCTGAGAATCTCG-1	N.1
AGGCTTCCCGAAGAAG-1	N.1
AGGGACTCTACGCGAC-1	N.1
AGGTGGTGACCTTCGC-1	N.1
AGTACTCTTATGCCCA-1	N.3
AGTATACACAGCGACA-1	N.1
AGTATTTGGCACGACC-1	N.1
AGTCAAGATGACACTT-1	N.1
AGTCACTAGCTCTCGA-1	N.1
AGTCGTATAAAGCAGA-1	N.1
AGTCGTCGACCACCAA-1	N.3
AGTGATAACCTGCGCG-1	N.1
AGTGCACGCTTAAGAA-1	N.1
AGTGCTAAACACAGCA-1	N.1
AGTGGCGTCTGAAGGT-1	N.3
AGTTGACGGTCCTTGC-1	N.3
AGTTTGCACCTGCCTC-1	N.1
AGTTTGGCACGGGTTG-1	N.3
ATAAACGGACCCGTAA-1	N.1
ATAAGGTGGAGAACAT-1	N.1
ATAATAGCTGTTGAAT-1	N.6
ATAATCTTGGAGAACC-1	N.1
ATAATTAGCTAAGTAG-1	N.1
ATACAGGCCCTCCAAT-1	N.1
ATACCTAACCAAGAAA-1	N.1
ATACGTACTTAGCCAC-1	N.1
ATACGTCCACTCCTGT-1	N.1
ATACGTTATGCACGGA-1	N.1
ATACTGCCTTACACCG-1	N.1
ATAGCAACTAGGGAAG-1	N.1
ATATAAAGCGCTCGTG-1	N.1
ATATAAATGTAGCTGC-1	N.1
ATATCGTTCCTCGAAC-1	N.1
ATATTCCACATAGTGA-1	N.1
ATCAGCCTCATGCTGC-1	N.3
ATCCACATCGACAGAA-1	N.1
ATCCAGAGCAACAACC-1	N.1
ATCGGAGACAGACGGC-1	N.1
ATCGTTAGCTAGCGGA-1	N.3
ATCTAATATCCTACGG-1	N.1
ATCTGACATGGAAGGA-1	N.1
ATCTGGGCTGTTCTTG-1	N.1
ATGACTATCAGCTGTG-1	N.1
ATGACTATGCGACATT-1	N.1
ATGCTCTGGCGCGGTA-1	N.1
ATGTGGACATCTTGAT-1	N.1
ATGTTGTAGTCTGTTT-1	N.6
ATTCAACCATTTAAGG-1	N.1
ATTCACTGATGTTGGA-1	N.1
ATTCATCGTTGAGGCA-1	N.1
ATTGCCTTTATGTTTG-1	N.1
ATTGCGATCAGTAACT-1	N.1
ATTGGATTACAGCGTA-1	N.3
CAAACGAGTATCGCAG-1	N.1
CAACCTACCGAGCAGT-1	N.1
CAACTGCTCATCCGAT-1	N.1
CAAGCGGCACATAATT-1	N.1
CAATATTCTTGACCTA-1	N.1
CAATGCGAGAAGTATC-1	N.1
CACACACGCTAACGAG-1	N.1
CACAGGGCCATATAGT-1	N.8
CACAGGGCCGTTGTCA-1	N.1
CACATATTAGCAGGAT-1	N.1
CACATCTCACCGACGA-1	N.1
CACCCTAACAAGATCT-1	N.1
CACGTTTCGTACACAC-1	N.3
CACTCGAGCTGAACAA-1	N.1
CACTCTTCTGCTAGCC-1	N.3
CACTGACGATTGTGGA-1	N.1
CAGAACTTAGCCCTCT-1	N.1
CAGACACCGATCGCTG-1	N.1
CAGACGAACCTGATAC-1	N.3
CAGAGACGGTCACCCA-1	N.1
CAGAGGCGATGCATGA-1	N.1
CAGCAGTCCAGACTAT-1	N.1
CAGCAGTCTGTGCTGC-1	N.1
CAGCGATTCCCTTCAA-1	N.1
CAGGCAGTCTTACCAG-1	N.1
CAGGCGCCATGCTAGG-1	N.1
CAGTGTCGGCTGGCCC-1	N.1
CATAAGAAGCTTGGCT-1	N.1
CATACACGGTTCCCAC-1	N.1
CATAGCGTTGCCCACC-1	N.1
CATAGTCAAATACATA-1	N.1
CATCATTACCCTGAGG-1	N.1
CATCCTCTCAAAGATC-1	N.3
CATGAGATGCACTCTC-1	N.6
CATGGATTGTCTTCCG-1	N.1
CATGGGTATGCCTTAT-1	N.1
CATGTAAGAGACATTT-1	N.1
CATGTCTCATTTATGG-1	N.1
CATTTGAGTGGTACGT-1	N.1
CCAAGAAAGTGGGCGA-1	N.1
CCACAGTACCCATCCT-1	N.3
CCACCAACTTTACTGT-1	N.1
CCAGCTCGAACGCATT-1	N.1
CCAGTCTTGTCATAGA-1	N.6
CCATATGGAAACTATA-1	N.1
CCATCGCAGTTAAACT-1	N.1
CCATGCCCTAGATTTC-1	N.1
CCATTTCTACCTATTA-1	N.1
CCCAATGAGATTTGCA-1	N.1
CCCGCAGCGCGAACTA-1	N.1
CCCGGGTCGTTCAGGG-1	N.1
CCCTTTGACAGGTCTT-1	N.1
CCGAACCTTCCCGGCC-1	N.1
CCGCATGTGGTACGAT-1	N.1
CCGCGGAATGCGTCAC-1	N.1
CCGCTCTTCCGAACTA-1	N.1
CCGGAGCGTACTTTCT-1	N.1
CCGTAGGAAATCCCTG-1	N.6
CCTAACCCAAACAAGT-1	N.1
CCTATAATGAGTGCCC-1	N.1
CCTATACCGTCCTGTC-1	N.1
CCTATATTTGTCCTGG-1	N.1
CCTATGTCCACTCCAC-1	N.3
CCTCCTGTTGTGTCGT-1	N.1
CCTCGCGCTGTGCGAT-1	N.1
CCTCTGTACTATTCTA-1	N.1
CCTGGTCGAATGTGGG-1	N.1
CCTGTTTGAAGACACG-1	N.1
CCTTCAGTTAAAGTGA-1	N.1
CCTTTAAGGGAGCACT-1	N.1
CGAACAGTATGGGCGT-1	N.1
CGAACCCGCATGCGTC-1	N.1
CGAATGACGCATAATG-1	N.1
CGAGAGCTTTCACTAC-1	N.1
CGAGGGTATCCAGGTG-1	N.1
CGATTAAATATCTCCT-1	N.1
CGATTCGCCTGGCTGC-1	N.1
CGCAGGCGATCCAAAC-1	N.1
CGCCCAGCACGCCTAG-1	N.1
CGCCCAGCGTTTCACG-1	N.1
CGCGAAGTGGCATACT-1	N.3
CGCGACCGCGACAGAT-1	N.1
CGCGCATGTTTGATTG-1	N.1
CGCTGGTGACTACCCT-1	N.1
CGCTGTGTGGATGTTG-1	N.1
CGGAAAGAATCAAACG-1	N.1
CGGAACGTAAACATAG-1	N.1
CGGAGCAATTTAATCG-1	N.1
CGGATCCTCAAGGACT-1	N.1
CGGCAAACATCGTGCG-1	N.1
CGGCGCCATCAATCCC-1	N.1
CGGGAGCTTCAGTGTA-1	N.1
CGGTCCGTCGCAAGCC-1	N.1
CGTCACGTCCATTGGT-1	N.1
CGTCGCATGTGAGCCA-1	N.1
CGTCGTCCTTCGCGAA-1	N.1
CGTGACCAGTCCTCTG-1	N.1
CGTGGCCGAATATCTA-1	N.1
CGTTAATGTCCCGACG-1	N.1
CGTTCAGACCCGCGAA-1	N.1
CGTTGAATACCGCGCT-1	N.1
CGTTGCCCGCGTGGGA-1	N.6
CGTTGTCGGCAATTGA-1	N.1
CGTTTGTGTAGAGGGT-1	N.1
CTAACTGATAATCGCC-1	N.1
CTACAAGAAATAACCC-1	N.1
CTACACTCGCAGATGG-1	N.1
CTACTCAAGGTATAGT-1	N.1
CTAGGCGCCCTATCAG-1	N.1
CTAGGTTCGGACGTGA-1	N.1
CTAGTAGAAAGGGATT-1	N.1
CTAGTTACAACCCGGT-1	N.1
CTATCGACGAAATACA-1	N.1
CTATGCCCGAATGCAA-1	N.1
CTCAAACCACTGCCCG-1	N.1
CTCAACTAACCCGGAT-1	N.1
CTCACATTTACTAAAT-1	N.1
CTCACTGTGATACTTA-1	N.1
CTCATTGCTCTAACAA-1	N.1
CTCCTCCAGCTCACAC-1	N.6
CTCGCCGAATGTAGGG-1	N.1
CTCTATTTGGCTGCAG-1	N.1
CTCTTCTGGAAGTTAG-1	N.1
CTCTTGTCCCGCTTGG-1	N.1
CTGAATCCGAGACCTC-1	N.1
CTGCACAACTACATAT-1	N.1
CTGCACTCCAGTACAG-1	N.1
CTGCAGAGAATCAGAG-1	N.1
CTGCCTTTCTAGTAAA-1	N.1
CTGCTTGGCGATAGCT-1	N.1
CTGGAAGACACGGTGG-1	N.3
CTGGATTTACACTTGA-1	N.1
CTGGCTGGTTGTCAGT-1	N.1
CTGTAGCCATCTCACT-1	N.1
CTGTGGTCGGGAGATA-1	N.3
CTGTTACCCAATCTAG-1	N.1
CTTAGTGTAGTAGCAT-1	N.1
CTTCAACTCCACTTGG-1	N.1
CTTCCGCTCCGTGAAG-1	N.1
CTTCTATTAATGCTAG-1	N.1
CTTGGCCAAGCTGGGA-1	N.1
CTTGTCAACATTCGAG-1	N.1
CTTTAATATTGGTCGA-1	N.1
CTTTACCGAATAGTAG-1	N.1
CTTTCTGTGCGGGCTT-1	N.1
CTTTGCATCGCTCTTG-1	N.1
CTTTGGGATTGTTGCA-1	N.1
GAAACCTATACAAATG-1	N.1
GAAAGCAGTGCACTTT-1	N.1
GAACAGATTACTAAAT-1	N.1
GAACCTTTAACGATCC-1	N.1
GAAGCCACTGATTATG-1	N.1
GAAGCCTGCACATTCC-1	N.1
GAAGTCAGTTGCACTA-1	N.1
GAATGCGAATCGGTTC-1	N.1
GAATTCACCCGGGTGT-1	N.1
GACATCCGTCGAACTG-1	N.1
GACATCGATTTATAAC-1	N.6
GACGACGATCCGCGTT-1	N.1
GACGAGGCTAATAAAC-1	N.1
GACGCCGTAAAGGCTA-1	N.1
GACGGGTTGGCCCGTA-1	N.1
GACTGCAAATCGAGCT-1	N.1
GAGACTTCGCGACCGA-1	N.1
GAGATGGGAGTCGACA-1	N.1
GAGCACCTGTGTCCAG-1	N.1
GAGCCAGCTACCTGTG-1	N.1
GAGCGCGCACGAGTAG-1	N.1
GAGGGAGTCAGATCGC-1	N.1
GAGTAGATACTAGTTG-1	N.1
GAGTATGCCCGCCTTG-1	N.1
GAGTATGCGCGTGCAT-1	N.1
GAGTCAGACCAGAATC-1	N.1
GAGTGTCAACCAGAAA-1	N.1
GATAGGTAACGTTGAC-1	N.1
GATCGCTACCCGATTT-1	N.1
GATCTGCTATCTAAGG-1	N.1
GATTAACCGAAAGCCC-1	N.1
GCAAACCCTACATTAT-1	N.1
GCAAACCTTGGCCATA-1	N.1
GCACACACTGGTAGCC-1	N.1
GCAGATCCATAAGACT-1	N.1
GCAGTGTGGCTATAGG-1	N.1
GCCACTCAGAGCGCGA-1	N.6
GCCATCGAGCTGCGTG-1	N.1
GCCCGATCTGTGGTCG-1	N.1
GCCCGCGCGTAAACGG-1	N.1
GCCTCCGACAATTCAC-1	N.1
GCCTCTATACATAGCA-1	N.1
GCGAAACGATCGGGAG-1	N.3
GCGACGATAGTTGTAC-1	N.1
GCGCGTCATTGGTACA-1	N.1
GCGCTTAAATAATTGG-1	N.3
GCGGACCGCGTTGTGG-1	N.1
GCGGGCGAGCCTTACC-1	N.1
GCGGTTCCCTATCATG-1	N.1
GCGTCCCTAAGACATA-1	N.1
GCGTCGCCAGGGTGAT-1	N.1
GCTAACTGAAGTCTGA-1	N.1
GCTACTATAGTAGAGT-1	N.1
GCTAGAGTAGAGATGT-1	N.1
GCTAGGCACCACGGAG-1	N.1
GCTATACGTCTCGGAC-1	N.1
GCTATCATACTCATGG-1	N.1
GCTCAATGTAATACCG-1	N.1
GCTCTTTCCGCTAGTG-1	N.1
GCTGCTAAGTAGTCGA-1	N.1
GCTGCTACTGCGTAGC-1	N.1
GCTGGCGGCGCATGCT-1	N.1
GGAAACTAAATGGGCC-1	N.1
GGAACCGTGTAAATTG-1	N.1
GGACCAACAGGATAAC-1	N.1
GGAGCAACATTTCAAG-1	N.1
GGATTGCTGTGACTCC-1	N.1
GGCAGCAAACCTATGC-1	N.1
GGCCGGCGTCTGCTAT-1	N.1
GGCCGTTTGGGTTTCA-1	N.1
GGCGCGGAGATCTTTC-1	N.3
GGCGCGTTCGAGTTTA-1	N.1
GGCGTAGGGAAAGCTG-1	N.1
GGCTACTATACACTCC-1	N.1
GGCTGAAATAGCAAAG-1	N.1
GGCTTTCAATAAGGGT-1	N.1
GGGAAGACGGTCTGTC-1	N.1
GGGAAGGGCTTTCTCA-1	N.1
GGGACCCGTATATCTT-1	N.1
GGGATGGTCGTAACCG-1	N.1
GGGCAGAGCAATCGTT-1	N.6
GGGCGGCAAATGAATT-1	N.3
GGGCGTCACCACGTAA-1	N.1
GGGCGTGGTTTCCCAG-1	N.1
GGGCTATGATCGATGG-1	N.1
GGGTCAGGAGCTAGAT-1	N.1
GGGTTAACATTTGAGT-1	N.1
GGTAGAAGACCGCCTG-1	N.1
GGTAGACCGTTGGGCG-1	N.1
GGTCAGTGGGTCCCAC-1	N.1
GGTCGGTCGTCCACAG-1	N.1
GGTCTCCGTCCAGGTT-1	N.1
GGTCTTGAGCGCTCTT-1	N.1
GGTGGACTGCTCTGGC-1	N.1
GGTTAGCTATATGTCT-1	N.1
GTAATCTGATTCTTCG-1	N.3
GTAGACACGCCTGACT-1	N.1
GTAGCCAAACATGGGA-1	N.1
GTAGTCGCGGGAATCA-1	N.1
GTAGTCTACGATATTG-1	N.3
GTATCAAACGTTAGCT-1	N.1
GTATCCTTTGGTAACC-1	N.1
GTCAACCAGGCCTATA-1	N.3
GTCATGCGCGAGGGCT-1	N.1
GTCCAATATTTAGCCT-1	N.1
GTCCCGCGACGTTATG-1	N.1
GTCCGGACCTGAAATT-1	N.1
GTCCTACGAATAGTCT-1	N.1
GTCGCCGTTGTGTGTT-1	N.1
GTCGGGAAGCAGAAAC-1	N.1
GTCTATTGGTTCCGGT-1	N.1
GTCTCAAGGCCCGGCT-1	N.1
GTGACAGCTTCCCACT-1	N.1
GTGACGCAGGTTTCAT-1	N.1
GTGAGTGGTACAACGC-1	N.1
GTGATCACTAACGCCT-1	N.6
GTGATCCTTGTCATGA-1	N.1
GTGATTCGCCGCTCAA-1	N.1
GTGGACGCATTTGTCC-1	N.1
GTGGTATAGTCTGCCG-1	N.1
GTGTATATCAGCGGGC-1	N.1
GTGTCGTATAGCGTTC-1	N.1
GTTAAAGTAGGACTGG-1	N.1
GTTAACATCACTTAAA-1	N.1
GTTAAGGGTGCGATGT-1	N.1
GTTACCTACAACTTGC-1	N.1
GTTATATTATCTCCCT-1	N.1
GTTCGTCTAAAGAACT-1	N.1
GTTGAGTCCCGCCGGT-1	N.1
GTTGGTCATGCTATCC-1	N.1
GTTTACGTTCCATCTG-1	N.1
GTTTGGGCTTGTGAGC-1	N.1
GTTTGGGTTTCGCCCG-1	N.1
GTTTGGTAGGGTCAAC-1	N.1
TAAAGCGGTATTTCCA-1	N.1
TAAGGCATAACATCAA-1	N.1
TAAGGCCCGTCACCCT-1	N.1
TAAGGGCCTGTCCGAT-1	N.1
TAAGTTGCGACGTAGG-1	N.1
TAATTACGTCAGTAGA-1	N.1
TACAGAAACGGTGGGC-1	N.1
TACCAAATAGCCCAGA-1	N.1
TACCAATAAAGTACCA-1	N.1
TACCAGAAGTAGGTTC-1	N.1
TACCGGCTCACTGCCC-1	N.1
TACCGTAGGTTAACTA-1	N.6
TACCGTGCCTCGGACC-1	N.1
TACCTACTCCCAGTAT-1	N.1
TACCTCAGTTGTCTGT-1	N.6
TACGCCTCCATTCCGA-1	N.1
TACGTAAAGCGGAGTG-1	N.3
TACGTACTAGTGCTGA-1	N.1
TACTATGGTTCCTCAG-1	N.1
TACTCTTTCGTCTTCA-1	N.1
TACTGAACAGATTTAG-1	N.1
TAGAATAGCCGATGAA-1	N.1
TAGACGAAACGCCAAT-1	N.1
TAGAGGTTCTACTTGT-1	N.1
TAGATATGGACTGGAA-1	N.1
TAGATGGTTCCTTACT-1	N.6
TAGCGTCCGGTGTGGT-1	N.1
TAGCTAGAAGGCATGA-1	N.1
TAGCTAGTGATGATGG-1	N.1
TAGCTCGCCTGATAAC-1	N.1
TAGGCTAAAGTGGCAC-1	N.1
TAGGTGACGATAACCT-1	N.1
TAGGTGTTCCACAGAT-1	N.1
TAGTAGCTTATACCAG-1	N.1
TAGTCGATCACGGGTT-1	N.1
TATACACAGACGCCTT-1	N.1
TATACGCGTCATCACT-1	N.1
TATAGAGTCGCTTGAA-1	N.1
TATCCAATTGGTTATC-1	N.1
TATCCGCACCGTCGGG-1	N.1
TATGATCTTCTCTTTA-1	N.1
TATTAACCTGACCGCG-1	N.1
TATTCCACTCAGCTCG-1	N.1
TATTCCGAGCTGTTAT-1	N.3
TCAAATTTGAGACTCA-1	N.3
TCAACATAGCGCCCTA-1	N.1
TCAAGGTTACTACACC-1	N.3
TCAATACGCCGTCATG-1	N.1
TCACAAACCGAGGTAC-1	N.6
TCACAGCAAACTCGAA-1	N.1
TCACAGGAGAATAAGA-1	N.1
TCACAGGGAATCGCAA-1	N.1
TCAGACGCTATAGAAG-1	N.1
TCAGCAGTAGGCCCTG-1	N.1
TCATATGAGCTTTGTT-1	N.1
TCCAATAAAGGCTACC-1	N.1
TCCACCTCTAGCCTTT-1	N.1
TCCAGGGTATATACGA-1	N.3
TCCGCCTGTCTACAAG-1	N.1
TCCGCGGCCCAATGAA-1	N.1
TCCGCTGTCATCCCGG-1	N.3
TCCGCTTATCCCATTA-1	N.1
TCCGGTTCGTCCGGTC-1	N.1
TCCGTTAAGCTAATAT-1	N.3
TCCTAAATTGGGAAGC-1	N.1
TCCTAACCGTCGGGCA-1	N.1
TCCTTACGACGGTCCG-1	N.1
TCCTTTAAATCCGCTT-1	N.1
TCGCAAAGATGCATTT-1	N.1
TCGCACCAGGAGGCAG-1	N.1
TCGCTACTGGCTTTGA-1	N.1
TCGGCTTGTATCGACG-1	N.6
TCGGGAGACAGCGTAC-1	N.3
TCGTCTTAGGCGTTAA-1	N.1
TCGTTAGGAGTCCCTA-1	N.3
TCGTTGCTATCCGGTC-1	N.1
TCTAGCATGCCCAGAA-1	N.1
TCTATGCTATAACGAC-1	N.1
TCTCATGAGATAGGGT-1	N.3
TCTCCACAAGTTGAAT-1	N.1
TCTCCCTGGGCAGCGT-1	N.1
TCTCTTACCGCGAACC-1	N.1
TCTGAACTCGTACCCG-1	N.1
TCTGAAGCACGTGGTC-1	N.1
TCTGATGTATTCTGTC-1	N.1
TCTGCATACCTTGCTT-1	N.1
TCTTGCTCCCGATACT-1	N.1
TGAGCGGAAAGTGTTC-1	N.1
TGAGGAGTGCCAGCTT-1	N.6
TGAGTAAATTAGCGTA-1	N.1
TGATACATTTAGCCGT-1	N.1
TGATGTCAATTAAGTG-1	N.3
TGATTCCCGGTTACCT-1	N.1
TGATTCTGTCGCCGGT-1	N.1
TGCAACCCATCTGCGG-1	N.1
TGCAATCTAACACGGT-1	N.1
TGCCAATGGGTACTCT-1	N.1
TGCCAGTACGTGGAGA-1	N.1
TGCCGTGGATCGTCCT-1	N.1
TGCCTTGGCCAGGCAA-1	N.1
TGCGAGAATATTACCC-1	N.1
TGCTAAGTGTCTATTT-1	N.1
TGCTCGGCGAAACCCA-1	N.1
TGCTCTTGAGAGTTTG-1	N.1
TGCTTCCCAAGCAGTA-1	N.1
TGGACCAATCTAAGAT-1	N.6
TGGCAAACTAAATTAC-1	N.1
TGGCGACTGCTCCAAA-1	N.1
TGGCGATCAAGTTATG-1	N.1
TGGCTACACTCTACCT-1	N.1
TGGCTATGTGACATAC-1	N.1
TGGGCCCATACTAATT-1	N.1
TGGTAGAATATATGGG-1	N.1
TGGTCCCACGCTACGG-1	N.1
TGGTTCAACGGGTAAT-1	N.1
TGTACCTACACGAGGG-1	N.1
TGTCCACGGCTCAACT-1	N.1
TGTGAGACTAGCCCAA-1	N.1
TGTGCCGGTGCCGGAA-1	N.1
TGTGGCGGGCTTCTGG-1	N.1
TGTGGTTGCTAAAGCT-1	N.1
TGTTCGTATTGCGGTG-1	N.1
TTAAGTATTGTTATCC-1	N.1
TTAATTGCTTTGGGTG-1	N.3
TTACCCTAGGGATTGG-1	N.1
TTACTAAAGGACTTTA-1	N.1
TTAGAAGAACATGACT-1	N.1
TTAGAATAAGGGTCGG-1	N.1
TTAGACGAGTCACCTC-1	N.3
TTAGTAAACCTGCTCT-1	N.1
TTAGTTATTCGTGGCA-1	N.3
TTATAGGTAATTGTCT-1	N.1
TTATCCGGGATCTATA-1	N.1
TTCACTCGAGCACCTA-1	N.1
TTCAGCCCTGGTCCAC-1	N.1
TTCAGCTGGCGTGCCC-1	N.1
TTCCAATCTGGCTATC-1	N.1
TTCCGGCCTTGAGGCT-1	N.1
TTCCTCGGACTAACCA-1	N.1
TTCGACAGAGCCCGTG-1	N.1
TTCGCACTGTACGACA-1	N.1
TTCGCGCGCCATACGA-1	N.1
TTCTAGAAAGTCTTAT-1	N.1
TTCTGACCGGGCTCAA-1	N.1
TTCTGCCGCGCCTAGA-1	N.1
TTCTTATCCGCTGGGT-1	N.1
TTCTTGAGCCGCGCTA-1	N.1
TTGAACGACGTGCTGA-1	N.1
TTGACAGGAGCTCCCG-1	N.1
TTGACCAGGAACAACT-1	N.1
TTGAGAAGTTTAGCAT-1	N.3
TTGCCGCTTTCTAGTA-1	N.1
TTGCGGCATCAGAAAG-1	N.1
TTGCGTCGGCCAACCG-1	N.1
TTGGACCTATAACAGT-1	N.3
TTGGATATCGTCTACG-1	N.1
TTGGTCACACTCGTAA-1	N.1
TTGTGAACCTAATCCG-1	N.1
TTGTGCAGCCACGTCA-1	N.1
TTGTGGTGGTACTAAG-1	N.1
TTGTGTATGCCACCAA-1	N.1
TTGTGTTTCCCGAAAG-1	N.1
TTGTTTCACATCCAGG-1	N.1
