barcode	annotation
CAGTAACTCGAATCCA-1	normal
CAGTCCTAGGCTCAGA-1	normal
CAGTCCTAGGTGTGGT-1	normal
CAGTCCTCAGACAAAT-1	normal
CAGTCCTTCGGAGGTA-1	normal
CAGTCCTTCTGGGCCA-1	normal
CATATGGAGGACACCA-1	normal
CATATGGAGTACGTAA-1	normal
CATATGGCACCTATCC-1	normal
CATATGGTCAGGTAAA-1	normal
CATATGGTCGTGGGAA-1	normal
CATATGGTCTACTTAC-1	normal
CATATTCAGTTAACGA-1	normal
CATATTCCAGCTCGAC-1	normal
CATATTCCAGTAAGCG-1	normal
CATATTCGTATATCCG-1	normal
CATATTCGTGATAAGT-1	normal
CATATTCTCTTAACCT-1	normal
CATCAGAAGCTAGGCA-1	normal
CATCAGACATTGCGGC-1	normal
CATCAGAGTCATGCAT-1	normal
CATCAGAGTTAGAACA-1	normal
CATCAGATCCTAGAAC-1	normal
CATCAGATCTGCGTAA-1	normal
CATCCACAGCTCCTCT-1	normal
CATCCACCACATAACC-1	normal
CATCCACCACCTGGTG-1	normal
CATCCACCATAGTAAG-1	normal
CATCCACGTTTGTTGG-1	normal
CATCCACTCGCAAACT-1	normal
CATCGAAAGCCCAGCT-1	normal
CATCGAAAGGGTGTGT-1	normal
CATCGAACACATAACC-1	normal
CATCGAAGTCTTTCAT-1	normal
CATCGAAGTGCCTTGG-1	normal
CATCGGGAGCAGCCTC-1	normal
CATCGGGCAGCTGCAC-1	normal
CATCGGGCAGGGTATG-1	normal
CATCGGGCATGCCCGA-1	normal
CATCGGGGTGGCTCCA-1	normal
CATCGGGTCAAACGGG-1	normal
CATCGGGTCATCGGAT-1	normal
CATCGGGTCCATGAGT-1	normal
CATGACACACCAGTTA-1	normal
CATGACAGTACTTCTT-1	normal
CATGACATCTCGTATT-1	normal
CATGCCTAGCAAATCA-1	normal
CATGCCTAGGTAGCTG-1	normal
CATGCCTAGTTGAGTA-1	normal
CATGCCTCAGACAGGT-1	normal
CATGCCTGTCTAAAGA-1	normal
CATGCCTGTGAACCTT-1	normal
CATGCCTGTTGAGTTC-1	normal
CATGCCTTCACGAAGG-1	normal
CATGCCTTCATTGCGA-1	normal
CATGCCTTCCTAAGTG-1	normal
CATTATCAGGGAACGG-1	normal
CATTATCCACGGTGTC-1	normal
CATTATCTCGTAGGAG-1	normal
CATTCGCCACGGCGTT-1	normal
CATTCGCCATTCGACA-1	normal
CATTCGCGTCTTGATG-1	normal
CATTCGCGTGGGTCAA-1	normal
CATTCGCTCCGCGGTA-1	normal
CCAATCCCAAGAAAGG-1	normal
CCAATCCCACCCATGG-1	normal
CCAATCCGTGTTCTTT-1	normal
CCACCTAAGCAATATG-1	normal
CCACCTAAGGTGTTAA-1	normal
CCACCTACAGTATCTG-1	normal
CCACCTACATAAAGGT-1	normal
CCACCTAGTATTAGCC-1	normal
CCACGGAAGACTAAGT-1	normal
CCACGGACAAAGGAAG-1	normal
CCACTACAGACACGAC-1	normal
CCACTACCAATGCCAT-1	normal
CCACTACGTTAGATGA-1	normal
CCACTACTCAACGCTA-1	normal
CCAGCGAAGCAATCTC-1	normal
CCAGCGAAGTGTTGAA-1	normal
CCAGCGACACACTGCG-1	normal
CCAGCGAGTAGATTAG-1	normal
CCAGCGAGTCAATACC-1	normal
CCAGCGAGTCGCTTTC-1	normal
CCAGCGATCCTGCAGG-1	normal
CCAGCGATCTAACTTC-1	normal
CCATGTCGTTCCGTCT-1	normal
CCATTCGAGCGTCAAG-1	normal
CCATTCGGTCACTGGC-1	normal
CCCAATCCAATGTAAG-1	normal
CCCAGTTAGCCCAATT-1	normal
CCCAGTTAGGCATGGT-1	normal
CCCAGTTGTTTGCATG-1	normal
CCCAGTTTCACCACCT-1	normal
CCCAGTTTCGGTCCGA-1	normal
CCCATACCAGTGGAGT-1	normal
CCCATACCATGTCCTC-1	normal
CCCTCCTAGTGGTAAT-1	normal
CCCTCCTCACGACTCG-1	normal
CCCTCCTGTTCCCGAG-1	normal
CCCTCCTTCAAAGTAG-1	normal
CCCTCCTTCACATACG-1	normal
CCCTCCTTCACATGCA-1	normal
CCCTCCTTCACGGTTA-1	normal
CCGGGATAGGTAAACT-1	normal
CCGGGATAGTACGCCC-1	normal
CCGGGATTCCGAAGAG-1	normal
CCGGTAGAGAGGTACC-1	normal
CCGGTAGAGCATGGCA-1	normal
CCGGTAGCAGCGATCC-1	normal
CCGGTAGCATCACGTA-1	normal
CCGGTAGGTGCGCTTG-1	normal
CCGGTAGTCAGCGATT-1	normal
CCGTACTAGTCTCAAC-1	normal
CCGTACTCATCGATGT-1	normal
CCGTGGAAGGTAGCCA-1	normal
CCGTGGACATCACGTA-1	normal
CCGTGGAGTTCAACCA-1	normal
CCGTGGAGTTGTCGCG-1	normal
CCGTGGATCACCACCT-1	normal
CCGTTCACAAAGCAAT-1	normal
CCGTTCAGTCAGAATA-1	normal
CCTAAAGAGAGGTAGA-1	normal
CCTAAAGAGCTCCCAG-1	normal
CCTAAAGAGGGATACC-1	normal
CCTAAAGTCATCATTC-1	normal
CCTAAAGTCATTGCGA-1	normal
CCTAAAGTCGCGATCG-1	normal
CCTAAAGTCGCGTTTC-1	normal
CCTACACCATCTCGCT-1	normal
CCTACACTCATACGGT-1	normal
CCTACACTCTCGCATC-1	normal
CCTACCACACATCCAA-1	normal
CCTACCACATCTCGCT-1	normal
CCTACCAGTCCGCTGA-1	normal
CCTACCAGTCTGCCAG-1	normal
CCTAGCTAGACTACAA-1	normal
CCTAGCTCAATGGTCT-1	normal
CCTAGCTCAGCTCCGA-1	normal
CCTAGCTTCACCCGAG-1	normal
CCTAGCTTCACGAAGG-1	normal
CCTAGCTTCTGCTGCT-1	normal
CCTAGCTTCTGTGCAA-1	normal
CCTATTACATCGACGC-1	normal
CCTATTAGTCACCCAG-1	normal
CCTATTAGTGGACGAT-1	normal
CCTCAGTAGCTAACTC-1	normal
CCTCAGTAGCTAGCCC-1	normal
CCTCAGTAGGCAGGTT-1	normal
CCTCAGTCAGTAACGG-1	normal
CCTCAGTGTCCAGTTA-1	normal
CCTCTGACAAGCGATG-1	normal
CCTCTGAGTAGCGTGA-1	normal
CCTTACGAGTCCATAC-1	normal
CCTTACGGTGATGTGG-1	normal
CCTTACGTCAGTGCAT-1	normal
CCTTACGTCATCTGCC-1	normal
CCTTACGTCGTTACGA-1	normal
CCTTCCCTCAGTGTTG-1	normal
CCTTCCCTCATCTGTT-1	normal
CCTTCGAAGCCAGTAG-1	normal
CCTTCGAGTAGCAAAT-1	normal
CCTTCGAGTCGGATCC-1	normal
CCTTCGATCACTCTTA-1	normal
CCTTCGATCCGCGGTA-1	normal
CCTTCGATCGTGGGAA-1	normal
CCTTTCTAGTCCATAC-1	normal
CCTTTCTCACCGTTGG-1	normal
CCTTTCTGTCCGACGT-1	normal
CCTTTCTGTGTTGGGA-1	normal
CCTTTCTTCCCAAGTA-1	normal
CGAACATCATAAAGGT-1	normal
CGAACATGTGAGTATA-1	normal
CGAACATGTTGAGGTG-1	normal
CGAACATTCGGCGCAT-1	normal
CGAATGTAGAACAACT-1	normal
CGAATGTCAGACGCCT-1	normal
CGAATGTGTCGCATAT-1	normal
CGAATGTTCACTTCAT-1	normal
CGACCTTAGCAGATCG-1	normal
CGACCTTAGCTACCTA-1	normal
CGACCTTGTAAGGGCT-1	normal
CGACCTTTCGTATCAG-1	normal
CGACTTCCACGACTCG-1	normal
CGACTTCTCGGATGTT-1	normal
CGACTTCTCTGCAAGT-1	normal
CGAGAAGAGTGAAGAG-1	normal
CGAGAAGCAAACGCGA-1	normal
CGAGAAGCACGGATAG-1	normal
CGAGAAGTCCGATATG-1	normal
CGAGAAGTCTTGCAAG-1	normal
CGAGCACAGACCGGAT-1	normal
CGAGCACCATGAAGTA-1	normal
CGAGCACCATTGGTAC-1	normal
CGAGCCAAGCAACGGT-1	normal
CGAGCCAAGTTACGGG-1	normal
CGAGCCAGTAACGTTC-1	normal
CGATCGGCAGAGTGTG-1	normal
CGATCGGTCGCTGATA-1	normal
CGATCGGTCTGCAAGT-1	normal
CGATGGCCACCCATTC-1	normal
CGATGGCCAGCTGCTG-1	normal
CGATGGCGTTAGATGA-1	normal
CGATGGCGTTGGAGGT-1	normal
CGATGGCTCAGAGACG-1	normal
CGATGGCTCATTTGGG-1	normal
CGATGTACAAGCCGTC-1	normal
CGATGTACAGCTTAAC-1	normal
CGATTGAAGTAAGTAC-1	normal
CGATTGAGTCACACGC-1	normal
CGCCAAGAGAGGTTAT-1	normal
CGCCAAGCATGGGAAC-1	normal
CGCCAAGCATGTCGAT-1	normal
CGCCAAGCATTTCAGG-1	normal
CGCCAAGTCAGCAACT-1	normal
CGCCAAGTCCGCGGTA-1	normal
CGCGGTAAGTCCAGGA-1	normal
CGCGGTACACGAGAGT-1	normal
CGCGGTACAGAAGCAC-1	normal
CGCGGTAGTGCCTGGT-1	normal
CGCGGTAGTGTGGTTT-1	normal
CGCGGTATCTGGTGTA-1	normal
CGCGTTTAGTAACCCT-1	normal
CGCGTTTCAGTGGAGT-1	normal
CGCGTTTGTCTAGTCA-1	normal
CGCGTTTTCAACACCA-1	normal
CGCGTTTTCAAGAAGT-1	normal
CGCTATCCATGTTCCC-1	normal
CGCTATCGTGCGATAG-1	normal
CGCTGGACAATCGGTT-1	normal
CGCTGGACAATGGACG-1	normal
CGCTGGAGTTAAGATG-1	normal
CGCTGGAGTTACCGAT-1	normal
CGCTGGATCAACACGT-1	normal
CGCTGGATCAGGTTCA-1	normal
CGCTGGATCGGCTACG-1	normal
CGCTGGATCTAACTTC-1	normal
CGCTTCAAGGACAGAA-1	normal
CGCTTCACAATGGACG-1	normal
CGCTTCATCACGCGGT-1	normal
CGCTTCATCGCAAGCC-1	normal
CGGACACCACACCGCA-1	normal
CGGACACCATAAGACA-1	normal
CGGACACGTCATATGC-1	normal
CGGACACGTCTTTCAT-1	normal
CGGACGTAGAAACGCC-1	normal
CGGACGTAGCTAAGAT-1	normal
CGGACGTCAGCCACCA-1	normal
CGGACGTCAGCCTTTC-1	normal
CGGACTGGTTTAGCTG-1	normal
CGGACTGTCATTCACT-1	normal
CGGACTGTCCCTTGCA-1	normal
CGGACTGTCCGTAGTA-1	normal
CGGAGCTAGATGCGAC-1	normal
CGGAGCTAGCACCGCT-1	normal
CGGAGCTAGTGAAGAG-1	normal
CGGAGCTCAGCCTTGG-1	normal
CGGAGCTTCGGAATCT-1	normal
CGGAGTCAGCCACGTC-1	normal
CGGAGTCAGGACGAAA-1	normal
CGGAGTCAGTGTTTGC-1	normal
CGGAGTCGTAGCAAAT-1	normal
CGGAGTCGTCCTCTTG-1	normal
CGGAGTCGTCTTCTCG-1	normal
CGGAGTCGTTTACTCT-1	normal
CGGAGTCTCGTTTGCC-1	normal
CGGCTAGAGTGTGAAT-1	normal
CGGCTAGGTCTCTTAT-1	normal
CGGCTAGGTTTGACTG-1	normal
CGGCTAGTCTGATACG-1	normal
CGGGTCAAGACACTAA-1	normal
CGGGTCAGTGTTTGTG-1	normal
CGGGTCATCATAACCG-1	normal
CGGGTCATCATGCAAC-1	normal
CGGGTCATCCATGAGT-1	normal
CGGTTAAAGAGCTGGT-1	normal
CGGTTAAAGTGTTTGC-1	normal
CGGTTAAGTGAAAGAG-1	normal
CGGTTAATCATCGATG-1	normal
CGTAGCGCAAACGTGG-1	normal
CGTAGCGCACTTCGAA-1	normal
CGTAGCGCATACGCCG-1	normal
CGTAGCGCATTACCTT-1	normal
CGTAGCGGTCTGCCAG-1	normal
CGTAGCGGTTCCAACA-1	normal
CGTAGCGTCCAAACAC-1	normal
CGTAGGCCAAGGCTCC-1	normal
CGTAGGCCAATCCAAC-1	normal
CGTAGGCCACGAAGCA-1	normal
CGTAGGCTCAACGAAA-1	normal
CGTCACTCACACCGCA-1	normal
CGTCACTCAGGGAGAG-1	normal
CGTCACTCATGCAATC-1	normal
CGTCACTGTAAGGATT-1	normal
CGTCACTTCCTCGCAT-1	normal
CGTCACTTCGTCTGAA-1	normal
CGTCAGGCACACCGAC-1	normal
CGTCAGGCATACTACG-1	normal
CGTCAGGGTAGGAGTC-1	normal
CGTCCATCACCCATTC-1	normal
CGTCCATGTACATCCA-1	normal
CGTCCATTCACGATGT-1	normal
CGTCTACAGTAAGTAC-1	normal
CGTCTACCAACGATCT-1	normal
CGTCTACCACATTAGC-1	normal
CGTCTACGTATATGAG-1	normal
CGTCTACGTGACTACT-1	normal
CGTCTACTCGTGGACC-1	normal
CGTGAGCCACCTCGTT-1	normal
CGTGAGCGTCAAGCGA-1	normal
CGTGTAAAGGTTCCTA-1	normal
CGTGTAAGTGTGTGCC-1	normal
CGTGTAATCCATTCTA-1	normal
CGTGTCTGTACATCCA-1	normal
CGTGTCTGTCAGTGGA-1	normal
CGTGTCTGTCATGCAT-1	normal
CGTGTCTGTCGCATAT-1	normal
CGTGTCTGTCTAGGTT-1	normal
CGTGTCTGTGGAAAGA-1	normal
CGTGTCTTCATCTGTT-1	normal
CGTTAGAAGGGAACGG-1	normal
CGTTAGACACAGCCCA-1	normal
CGTTAGACAGGCTGAA-1	normal
CGTTAGAGTTTGGCGC-1	normal
CGTTAGATCACATACG-1	normal
CGTTAGATCACGGTTA-1	normal
CGTTCTGAGATGAGAG-1	normal
CGTTCTGAGGGTTTCT-1	normal
CGTTCTGCAAACGCGA-1	normal
CGTTCTGGTAGAGGAA-1	normal
CGTTCTGGTCGGATCC-1	normal
CGTTGGGCATTCACTT-1	normal
CGTTGGGGTTGCCTCT-1	normal
CGTTGGGTCAGATAAG-1	normal
CTAACTTAGATCGGGT-1	normal
CTAACTTAGTGTTGAA-1	normal
CTAACTTCATAGAAAC-1	normal
CTAACTTGTACTTGAC-1	normal
CTAACTTTCCTCAATT-1	normal
CTAAGACAGATACACA-1	normal
CTAAGACAGCTAGTCT-1	normal
CTAAGACAGTACTTGC-1	normal
CTAAGACCATAGAAAC-1	normal
CTAAGACGTAACGTTC-1	normal
CTAAGACGTATCAGTC-1	normal
CTAAGACGTCTTCTCG-1	normal
CTAAGACTCCGTAGTA-1	normal
CTAAGACTCTTTAGGG-1	normal
CTAATGGAGAAGGTGA-1	normal
CTAATGGCACGTTGGC-1	normal
CTAATGGGTTCAACCA-1	normal
CTAATGGGTTCCAACA-1	normal
CTAATGGGTTGCGCAC-1	normal
CTACACCAGGGTATCG-1	normal
CTACACCCACAGACTT-1	normal
CTACACCGTCTGGAGA-1	normal
CTACACCGTTGATTCG-1	normal
CTACATTGTTCCGTCT-1	normal
CTACCCAGTGCAGGTA-1	normal
CTACCCAGTGGGTATG-1	normal
CTACCCATCAGTCAGT-1	normal
CTACGTCAGCTCAACT-1	normal
CTACGTCAGGGAGTAA-1	normal
CTACGTCCACGGATAG-1	normal
CTAGAGTAGCCACGCT-1	normal
CTAGAGTAGCGAGAAA-1	normal
CTAGAGTCAAGTCTGT-1	normal
CTAGAGTTCAACTCTT-1	normal
CTAGAGTTCAATAAGG-1	normal
CTAGAGTTCCGCAAGC-1	normal
CTAGAGTTCCTGTAGA-1	normal
CTAGCCTCACGTAAGG-1	normal
CTAGCCTGTGCCTTGG-1	normal
CTAGCCTGTGGTAACG-1	normal
CTAGCCTTCGGTCTAA-1	normal
CTAGTGAAGATCCCGC-1	normal
CTAGTGACAAGCCCAC-1	normal
CTAGTGACAAGCCTAT-1	normal
CTAGTGAGTAAGTAGT-1	normal
CTCACACAGTCAAGCG-1	normal
CTCACACAGTGAAGAG-1	normal
CTCACACCAGGACGTA-1	normal
CTCACACGTTCCACGG-1	normal
CTCACACTCAACACCA-1	normal
CTCACACTCCAGTAGT-1	normal
CTCACACTCTGAAAGA-1	normal
CTCAGAACAAGCGCTC-1	normal
CTCAGAACAATAGCGG-1	normal
CTCAGAACAGGCTCAC-1	normal
CTCAGAAGTGAGGCTA-1	normal
CTCATTACAGACAAAT-1	normal
CTCATTACAGTGGAGT-1	normal
CTCATTATCCTCAACC-1	normal
CTCATTATCGCTTAGA-1	normal
CTCCTAGCATAAGACA-1	normal
CTCGAAACAACGATGG-1	normal
CTCGAAACAGATTGCT-1	normal
CTCGAGGCAATGGAAT-1	normal
CTCGGAGAGAACTCGG-1	normal
CTCGGAGTCATGCAAC-1	normal
CTCGGGAGTAAGAGGA-1	normal
CTCGGGAGTGTTAAGA-1	normal
CTCGGGATCGTACCGG-1	normal
CTCGTACAGACAAAGG-1	normal
CTCGTACGTCCATCCT-1	normal
CTCGTACGTCGAAAGC-1	normal
CTCGTCAAGGTTCCTA-1	normal
CTCGTCACATCGGGTC-1	normal
CTCGTCAGTACTTGAC-1	normal
CTCGTCATCGAGCCCA-1	normal
CTCGTCATCGCGGATC-1	normal
CTCTAATAGTGTTGAA-1	normal
CTCTAATCAGCTTCGG-1	normal
CTCTAATTCGGCGCTA-1	normal
CTCTACGAGCAGGTCA-1	normal
CTCTACGAGCTGAAAT-1	normal
CTCTACGGTCGACTGC-1	normal
CTCTACGTCACGACTA-1	normal
CTCTGGTCATCAGTCA-1	normal
CTCTGGTTCAACACTG-1	normal
CTCTGGTTCGTATCAG-1	normal
CTCTGGTTCTTCGGTC-1	normal
CTGAAACCATAAAGGT-1	normal
CTGAAACTCACCCTCA-1	normal
CTGAAGTAGAGCAATT-1	normal
CTGAAGTAGGGCATGT-1	normal
CTGAAGTCAAGCGATG-1	normal
CTGAAGTCATCTATGG-1	normal
CTGAAGTGTTGCTCCT-1	normal
CTGATAGAGTAGGTGC-1	normal
CTGATAGAGTTACGGG-1	normal
CTGATAGTCATCATTC-1	normal
CTGATCCAGCGATTCT-1	normal
CTGATCCAGTGGACGT-1	normal
CTGATCCCAGTATGCT-1	normal
CTGATCCGTCACCTAA-1	normal
CTGATCCGTGGTGTAG-1	normal
CTGCCTAGTACCCAAT-1	normal
CTGCCTATCAACACCA-1	normal
CTGCGGAAGGTAGCCA-1	normal
CTGCGGAGTTCGGCAC-1	normal
CTGCGGATCAGGTTCA-1	normal
CTGCTGTAGAAACCTA-1	normal
CTGCTGTAGATGCGAC-1	normal
CTGCTGTCACAGAGGT-1	normal
CTGCTGTCAGATCGGA-1	normal
CTGCTGTCAGCGATCC-1	normal
CTGCTGTCATTCTTAC-1	normal
CTGCTGTTCAAACCGT-1	normal
CTGCTGTTCTCGCTTG-1	normal
CTGGTCTAGCGATAGC-1	normal
CTGGTCTCAGACAAAT-1	normal
CTGGTCTGTCCCTACT-1	normal
CTGGTCTGTTTAAGCC-1	normal
CTGGTCTTCTCTAAGG-1	normal
CTGTGCTCAACTGGCC-1	normal
CTGTGCTGTCTGCCAG-1	normal
CTGTGCTGTTCCCGAG-1	normal
CTGTGCTTCGTTACAG-1	normal
CTGTTTAAGTTGAGTA-1	normal
CTGTTTATCTCGGACG-1	normal
CTGTTTATCTGGCGAC-1	normal
CTGTTTATCTGTCCGT-1	normal
CTTAACTAGAACTGTA-1	normal
CTTAACTAGCATGGCA-1	normal
CTTAACTCACCTGGTG-1	normal
CTTAACTTCTCTAAGG-1	normal
CTTACCGAGATCCCAT-1	normal
CTTACCGAGATCCGAG-1	normal
CTTACCGAGTATTGGA-1	normal
CTTACCGCACCGATAT-1	normal
CTTACCGGTATGGTTC-1	normal
CTTACCGGTCAACATC-1	normal
CTTACCGTCCGAAGAG-1	normal
CTTAGGAGTCTAAACC-1	normal
CTTAGGAGTGGTCCGT-1	normal
CTTCTCTAGCGAGAAA-1	normal
CTTCTCTAGTGGACGT-1	normal
CTTCTCTGTCGACTAT-1	normal
CTTGGCTAGCTTATCG-1	normal
CTTGGCTAGTTAGGTA-1	normal
CTTGGCTCAGCTGGCT-1	normal
CTTGGCTCATTACGAC-1	normal
CTTGGCTGTAGAGCTG-1	normal
CTTGGCTGTTACTGAC-1	normal
CTTTGCGCAATCGAAA-1	normal
CTTTGCGCAGGGTATG-1	normal
CTTTGCGGTAAGGGCT-1	normal
CTTTGCGTCTCGAGTA-1	normal
CTTTGCGTCTGGCGAC-1	normal
GAAACTCAGGTGACCA-1	normal
GAAACTCAGTTCCACA-1	normal
GAAACTCCAATCCGAT-1	normal
GAAACTCTCCGCAGTG-1	normal
GAAATGAGTAGAAGGA-1	normal
GAAATGAGTCTAGCGC-1	normal
GAAATGAGTTGTGGCC-1	normal
GAAATGATCGCAAACT-1	normal
GAACATCAGGCCATAG-1	tumor1
GAACATCCAGGAATGC-1	tumor1
GAACATCCATTGAGCT-1	tumor1
GAACATCTCTCGAGTA-1	tumor1
GAACCTAAGCTTTGGT-1	tumor1
GAACCTAAGGTGTTAA-1	tumor1
GAACCTACACAGGCCT-1	tumor1
GAACCTACAGCTGGCT-1	tumor1
GAACCTAGTAAATGAC-1	tumor1
GAACCTATCTGAGGGA-1	tumor1
GAACGGAAGCCACGCT-1	tumor1
GAACGGAAGCTAGCCC-1	tumor1
GAACGGACAAGGGTCA-1	tumor1
GAACGGACAGCCTATA-1	tumor1
GAACGGAGTATAGTAG-1	tumor1
GAACGGAGTGGCAAAC-1	tumor1
GAACGGATCTTGCAAG-1	tumor1
GAAGCAGAGCTGCCCA-1	tumor1
GAAGCAGAGTAGATGT-1	tumor1
GAAGCAGGTAGGGTAC-1	tumor1
GAAGCAGGTCCCTTGT-1	tumor1
GAAGCAGGTGTGCCTG-1	tumor1
GAAGCAGTCCCTGACT-1	tumor1
GAATAAGTCAAACGGG-1	tumor1
GAATAAGTCGTTTATC-1	tumor1
GAATGAAAGCTAGTCT-1	tumor1
GAATGAACAGTGGAGT-1	tumor1
GAATGAAGTACATGTC-1	tumor1
GACACGCGTAGTAGTA-1	tumor1
GACACGCTCTACCTGC-1	tumor1
GACAGAGCAGCTCGAC-1	tumor1
GACAGAGTCGTGGTCG-1	tumor1
GACAGAGTCGTTGCCT-1	tumor1
GACCAATAGTAGTGCG-1	tumor1
GACCAATGTCTCTTAT-1	tumor1
GACCAATTCCTCGCAT-1	tumor1
GACCAATTCGCTGATA-1	tumor1
GACCTGGCAAAGGCGT-1	tumor1
GACCTGGCAGGGTATG-1	tumor1
GACCTGGCAGTCAGAG-1	tumor1
GACCTGGGTCGGATCC-1	tumor1
GACCTGGGTCTAGTGT-1	tumor1
GACCTGGTCATATCGG-1	tumor1
GACGCGTAGCCGCCTA-1	tumor1
GACGCGTAGGTGCTTT-1	tumor1
GACGCGTAGTGCGATG-1	tumor1
GACGCGTCAATACGCT-1	tumor1
GACGCGTGTTGTCTTT-1	tumor1
GACGGCTAGCCAGAAC-1	tumor1
GACGGCTCACGACGAA-1	tumor1
GACGGCTCAGTATGCT-1	tumor1
GACGTGCAGAGTAATC-1	tumor1
GACGTGCAGCCAACAG-1	tumor1
GACGTTACACAAGCCC-1	tumor1
GACGTTACATCAGTCA-1	tumor1
GACGTTAGTACTTGAC-1	tumor1
GACTAACAGCCCGAAA-1	tumor1
GACTAACAGTGAAGTT-1	tumor1
GACTAACCAGGGTTAG-1	tumor1
GACTAACGTATTCGTG-1	tumor1
GACTAACGTCTAAAGA-1	tumor1
GACTAACTCATCGGAT-1	tumor1
GACTACAAGACTACAA-1	tumor1
GACTACAAGACTGGGT-1	tumor1
GACTACATCACTTCAT-1	tumor1
GACTACATCTTCGAGA-1	tumor1
GACTGCGAGACTAGAT-1	tumor1
GACTGCGAGATGTTAG-1	tumor1
GACTGCGAGCTGTCTA-1	tumor1
GAGCAGAAGGCAGTCA-1	tumor1
GAGCAGAAGGGTTCCC-1	tumor1
GAGCAGAAGGTCGGAT-1	tumor1
GAGCAGACACATTTCT-1	tumor1
GAGCAGACAGCTGCAC-1	tumor1
GAGCAGAGTGTCCTCT-1	tumor1
GAGCAGATCCTTCAAT-1	tumor1
GAGCAGATCCTTTCTC-1	tumor1
GAGCAGATCGCGCCAA-1	tumor1
GAGGTGAAGATCGGGT-1	tumor1
GAGGTGAGTTGGAGGT-1	tumor1
GAGGTGATCCCACTTG-1	tumor1
GAGTCCGAGAAGGGTA-1	tumor1
GAGTCCGCACGGCGTT-1	tumor1
GAGTCCGCACGGTGTC-1	tumor1
GAGTCCGCAGGGATTG-1	tumor1
GAGTCCGGTATATGAG-1	tumor1
GAGTCCGTCACCTCGT-1	tumor1
GAGTCCGTCGGCTTGG-1	tumor1
GATCAGTAGCAAATCA-1	tumor1
GATCAGTAGGAACTGC-1	tumor1
GATCAGTCAAACGCGA-1	tumor1
GATCAGTCACGACGAA-1	tumor1
GATCAGTGTACCCAAT-1	tumor1
GATCAGTTCAGGATCT-1	tumor1
GATCAGTTCGCCCTTA-1	tumor1
GATCAGTTCGTAGGAG-1	tumor1
GATCAGTTCGTCTGAA-1	tumor1
GATCAGTTCTACCAGA-1	tumor1
GATCGATAGCTACCTA-1	tumor1
GATCGATGTGTTCTTT-1	tumor1
GATCGATGTTCGTGAT-1	tumor1
GATCGATGTTGTACAC-1	tumor1
GATCGATTCCATTCTA-1	tumor1
GATCGCGCAAGGTTCT-1	tumor1
GATCGCGCACAGATTC-1	tumor1
GATCGCGCACGGTAGA-1	tumor1
GATCGCGTCGGTCTAA-1	tumor1
GATCGTACAGATCGGA-1	tumor1
GATCGTACATCCTTGC-1	tumor1
GATCGTAGTATTCTCT-1	tumor1
GATCGTAGTCGTCTTC-1	tumor1
GATCGTAGTTGACGTT-1	tumor1
GATCTAGGTTTAGCTG-1	tumor1
GATCTAGTCGTTTAGG-1	tumor1
GATCTAGTCTTGTACT-1	tumor1
GATGAAACATAAAGGT-1	tumor1
GATGAAATCATCACCC-1	tumor1
GATGAAATCCGAACGC-1	tumor1
GATGAAATCCTCTAGC-1	tumor1
GATGAGGCAGGAACGT-1	tumor1
GATGAGGGTAATCACC-1	tumor1
GATGAGGGTTAAGACA-1	tumor1
GATGAGGGTTGAGTTC-1	tumor1
GATGAGGTCAGTTAGC-1	tumor1
GATGAGGTCTGCAGTA-1	tumor1
GATGCTAAGGTGCTAG-1	tumor1
GATGCTAGTATTACCG-1	tumor1
GATGCTAGTGGTAACG-1	tumor1
GATGCTAGTTACGTCA-1	tumor1
GATGCTATCCACTCCA-1	tumor1
GATGCTATCCATTCTA-1	tumor1
GATTCAGAGGACAGCT-1	tumor1
GATTCAGAGGGTCTCC-1	tumor1
GATTCAGAGTGCGATG-1	tumor1
GATTCAGGTCGGGTCT-1	tumor1
GATTCAGGTCTTCGTC-1	tumor1
GATTCAGGTTGGTTTG-1	tumor1
GATTCAGTCAAGAAGT-1	tumor1
GATTCAGTCACCATAG-1	tumor1
GATTCAGTCGCCAGCA-1	tumor1
GCAAACTAGAGTGAGA-1	tumor1
GCAAACTCACAGATTC-1	tumor1
GCAAACTGTTCGTGAT-1	tumor1
GCAAACTTCCATGAAC-1	tumor1
GCAATCAAGAATTCCC-1	tumor1
GCAATCAGTCGGCATC-1	tumor1
GCAATCAGTTGATTCG-1	tumor1
GCAATCATCACATGCA-1	tumor1
GCACATAAGTACATGA-1	tumor1
GCACATACATGCCTAA-1	tumor1
GCACATAGTAAAGGAG-1	tumor1
GCACATATCGAGCCCA-1	tumor1
GCACATATCTTGTACT-1	tumor1
GCACTCTCAGCTATTG-1	tumor1
GCACTCTCATTCCTGC-1	tumor1
GCACTCTTCCCAACGG-1	tumor1
GCAGCCATCACTTACT-1	tumor1
GCAGTTAAGATCTGCT-1	tumor1
GCAGTTAAGGCATGGT-1	tumor1
GCAGTTAAGTTAGGTA-1	tumor1
GCAGTTACATCCTTGC-1	tumor1
GCATACAAGCGATATA-1	tumor1
GCATACACAATGACCT-1	tumor1
GCATACACATAGGATA-1	tumor1
GCATACAGTGAGGGAG-1	tumor1
GCATACAGTGCAACTT-1	tumor1
GCATACATCAAGAAGT-1	tumor1
GCATACATCACAGTAC-1	tumor1
GCATACATCACTCCTG-1	tumor1
GCATACATCTGCTGCT-1	tumor1
GCATGATGTTCATGGT-1	tumor1
GCATGCGAGACCTTTG-1	tumor1
GCATGCGAGCCCGAAA-1	tumor1
GCATGCGAGTAGGTGC-1	tumor1
GCATGCGCAAAGTCAA-1	tumor1
GCATGCGGTGTAACGG-1	tumor1
GCATGTACACATTAGC-1	tumor1
GCATGTAGTCGAAAGC-1	tumor1
GCATGTAGTTCTCATT-1	tumor1
GCCAAATCACCTCGGA-1	tumor1
GCCAAATGTGAAATCA-1	tumor1
GCCAAATGTTATGCGT-1	tumor1
GCCTCTACAACGCACC-1	tumor1
GCCTCTAGTCTTCGTC-1	tumor1
GCGACCAAGACACGAC-1	tumor1
GCGACCAAGGATCGCA-1	tumor1
GCGACCAAGGCCCTTG-1	tumor1
GCGACCAAGGTCGGAT-1	tumor1
GCGACCAAGTGTGGCA-1	tumor1
GCGACCACACCAGTTA-1	tumor1
GCGACCATCGCTTGTC-1	tumor1
GCGACCATCGGCGCTA-1	tumor1
GCGAGAAAGAAGGTGA-1	tumor1
GCGAGAAGTCAAAGCG-1	tumor1
GCGAGAAGTTGGTTTG-1	tumor1
GCGAGAATCGTGGTCG-1	tumor1
GCGCAACCAAGCCCAC-1	tumor1
GCGCAACCAAGCCGCT-1	tumor1
GCGCAACCACTCAGGC-1	tumor1
GCGCAACTCAGGCAAG-1	tumor1
GCGCAGTAGGAGTTGC-1	tumor1
GCGCAGTAGTGTGGCA-1	tumor1
GCGCAGTCAAGGCTCC-1	tumor1
GCGCAGTGTACCCAAT-1	tumor1
GCGCAGTTCCGAATGT-1	tumor1
GCGCCAAAGACACTAA-1	tumor1
GCGCCAAAGAGTTGGC-1	tumor1
GCGCCAAAGTTAACGA-1	tumor1
GCGCCAACATGGTCAT-1	tumor1
GCGCCAACATTCGACA-1	tumor1
GCGCCAAGTGAAATCA-1	tumor1
GCGCCAATCCGAGCCA-1	tumor1
GCGCGATAGAGCAATT-1	tumor1
GCGCGATAGTAGGCCA-1	tumor1
GCGCGATCAGCATGAG-1	tumor1
GCGCGATGTACCGCTG-1	tumor1
GCGCGATGTTCTGAAC-1	tumor1
GCGCGATTCTCGTTTA-1	tumor1
GCGGGTTAGGTGATTA-1	tumor1
GCGGGTTCAGTACACT-1	tumor1
GCGGGTTTCAACGAAA-1	tumor1
GCGGGTTTCACGATGT-1	tumor1
GCTCCTAAGCGGATCA-1	tumor1
GCTCCTAGTGACGCCT-1	tumor1
GCTCCTAGTGAGGGTT-1	tumor1
GCTCTGTAGGATGCGT-1	tumor1
GCTCTGTGTACCATCA-1	tumor1
GCTCTGTTCATTCACT-1	tumor1
GCTCTGTTCCGCAGTG-1	tumor1
GCTCTGTTCCGCATCT-1	tumor1
GCTGCAGCAAGAAAGG-1	tumor1
GCTGCAGCAAGTACCT-1	tumor1
GCTGCAGCATAGTAAG-1	tumor1
GCTGCAGTCTCGCTTG-1	tumor1
GCTGCGAAGAGACGAA-1	tumor1
GCTGCGAAGCTAACAA-1	tumor1
GCTGCGAAGTTCGATC-1	tumor1
GCTGCGAGTTCCACGG-1	tumor1
GCTGCTTAGGAGTACC-1	tumor1
GCTGCTTCAGCGTCCA-1	tumor1
GCTGCTTCATGGTAGG-1	tumor1
GCTGCTTGTCTAACGT-1	tumor1
GCTGCTTTCTGCGGCA-1	tumor1
GCTGGGTCACCCTATC-1	tumor1
GCTGGGTGTCTCCATC-1	tumor1
GCTTCCACAAGACGTG-1	tumor1
GCTTCCACACTTGGAT-1	tumor1
GCTTCCATCTAACGGT-1	tumor1
GCTTGAAAGAGCAATT-1	tumor1
GCTTGAAAGTAATCCC-1	tumor1
GCTTGAAAGTTATCGC-1	tumor1
GCTTGAACACGGCGTT-1	tumor1
GGAAAGCAGTTACCCA-1	tumor1
GGAAAGCCAGGCTCAC-1	tumor1
GGAAAGCTCATCGGAT-1	tumor1
GGAAAGCTCTGAAAGA-1	tumor1
GGAACTTCACGGTTTA-1	tumor1
GGAACTTTCTCACATT-1	tumor1
GGAACTTTCTGGCGAC-1	tumor1
GGAATAAAGAGACTAT-1	tumor1
GGAATAACAAGGTGTG-1	tumor1
GGAATAACAGCCTGTG-1	tumor1
GGAATAAGTAATCGTC-1	tumor1
GGACAAGAGCTTCGCG-1	tumor1
GGACAAGGTTTGGGCC-1	tumor1
GGACAGAAGAATGTTG-1	tumor1
GGACAGAAGCCGTCGT-1	tumor1
GGACAGACAAAGTGCG-1	tumor1
GGACAGACACCGATAT-1	tumor1
GGACAGACAGTACACT-1	tumor1
GGACAGACATGACATC-1	tumor1
GGACAGAGTCGCTTTC-1	tumor1
GGACATTTCCGCATCT-1	tumor1
GGACATTTCTAGCACA-1	tumor1
GGACGTCAGGATTCGG-1	tumor1
GGACGTCTCATGTCCC-1	tumor1
GGAGCAAAGACTTTCG-1	tumor1
GGAGCAAAGGAGTCTG-1	tumor1
GGAGCAACATTACCTT-1	tumor1
GGATGTTTCACATGCA-1	tumor1
GGATTACGTTCAGTAC-1	tumor1
GGATTACGTTTGTGTG-1	tumor1
GGATTACTCCGGCACA-1	tumor1
GGCAATTAGCGCCTCA-1	tumor1
GGCAATTCATTGTGCA-1	tumor1
GGCAATTGTGTAATGA-1	tumor1
GGCAATTTCACTTATC-1	tumor1
GGCAATTTCATATCGG-1	tumor1
GGCAATTTCCCAAGAT-1	tumor1
GGCCGATAGAGGTTAT-1	tumor1
GGCCGATAGTATTGGA-1	tumor1
GGCCGATCAGTATCTG-1	tumor1
GGCCGATCATGGGAAC-1	tumor1
GGCCGATGTAGCAAAT-1	tumor1
GGCCGATTCACATAGC-1	tumor1
GGCCGATTCCTCAACC-1	tumor1
GGCGACTCAACGATGG-1	tumor1
GGCGACTGTCTGATTG-1	tumor1
GGCGACTGTGTTAAGA-1	tumor1
GGCGACTTCACATAGC-1	tumor1
GGCGTGTAGAGAACAG-1	tumor1
GGCGTGTAGATCACGG-1	tumor1
GGCGTGTCAGGCTCAC-1	tumor1
GGCGTGTGTATTAGCC-1	tumor1
GGCGTGTGTGAGTATA-1	tumor1
GGCGTGTTCAACGAAA-1	tumor1
GGCGTGTTCCACGTGG-1	tumor1
GGCTCGAAGTTGCAGG-1	tumor1
GGCTCGACAACACGCC-1	tumor1
GGCTCGAGTCGCATCG-1	tumor1
GGCTCGATCAAACGGG-1	tumor1
GGCTCGATCACAGTAC-1	tumor1
GGCTGGTAGACAGACC-1	tumor1
GGCTGGTAGATCTGCT-1	tumor1
GGCTGGTAGTGGGATC-1	tumor1
GGGAATGAGCTAACTC-1	tumor1
GGGAATGAGGGCACTA-1	tumor1
GGGAATGGTGTCTGAT-1	tumor1
GGGACCTAGTGGGCTA-1	tumor1
GGGACCTAGTGTTTGC-1	tumor1
GGGACCTGTGTGAATA-1	tumor1
GGGAGATAGATCGATA-1	tumor1
GGGAGATAGATGCCTT-1	tumor1
GGGAGATAGATGTAAC-1	tumor1
GGGAGATAGGAGTTGC-1	tumor1
GGGAGATCATCTACGA-1	tumor1
GGGAGATGTCGAGATG-1	tumor1
GGGAGATTCGGAATCT-1	tumor1
GGGATGAAGAATAGGG-1	tumor1
GGGATGAAGTCTCGGC-1	tumor1
GGGATGAAGTGGGCTA-1	tumor1
GGGATGACAAGACACG-1	tumor1
GGGATGACACTGTGTA-1	tumor1
GGGATGAGTAAGTGTA-1	tumor1
GGGATGAGTACAGCAG-1	tumor1
GGGATGAGTCCGAAGA-1	tumor1
GGGCACTAGCCGCCTA-1	tumor1
GGGCACTAGGCACATG-1	tumor1
GGGCACTCAGATAATG-1	tumor1
GGGCACTCATATGCTG-1	tumor1
GGGCACTTCACGACTA-1	tumor1
GGGCACTTCAGTGCAT-1	tumor1
GGGCACTTCGCGATCG-1	tumor1
GGGCATCGTTTCGCTC-1	tumor1
GGGCATCTCAACACGT-1	tumor1
GGGCATCTCCTAAGTG-1	tumor1
GGGCATCTCTGAGTGT-1	tumor1
GGGTCTGAGACTAAGT-1	tumor1
GGGTCTGAGTTAGGTA-1	tumor1
GGGTCTGCACAAGTAA-1	tumor1
GGGTCTGCATTACCTT-1	tumor1
GGGTTGCCATTATCTC-1	tumor1
GGGTTGCGTCGCATAT-1	tumor1
GGGTTGCGTTAAGAAC-1	tumor1
GGGTTGCTCTCAACTT-1	tumor1
GGTATTGTCCGTTGTC-1	tumor1
GGTGAAGAGAACAATC-1	tumor1
GGTGAAGAGCACCGTC-1	tumor1
GGTGAAGCATCACGTA-1	tumor1
GGTGAAGCATTGGGCC-1	tumor1
GGTGAAGGTAGAGGAA-1	tumor1
GGTGAAGGTTCAGTAC-1	tumor1
GGTGAAGTCGGACAAG-1	tumor1
GGTGAAGTCGGCTTGG-1	tumor1
GGTGAAGTCGTGTAGT-1	tumor1
GGTGCGTAGGATGCGT-1	tumor1
GGTGCGTGTATCGCAT-1	tumor1
GGTGCGTGTTCAACCA-1	tumor1
GGTGCGTTCTCGGACG-1	tumor1
GGTGTTAAGAGGTTGC-1	tumor1
GGTGTTAAGATCGGGT-1	tumor1
GGTGTTACAGACGCCT-1	tumor1
GGTGTTATCCAATGGT-1	tumor1
GGTGTTATCGCGATCG-1	tumor1
GTAACGTTCACGCGGT-1	tumor1
GTAACGTTCAGCTTAG-1	tumor1
GTAACGTTCAGTGCAT-1	tumor1
GTAACTGAGCGTAATA-1	tumor1
GTAACTGAGCTTCGCG-1	tumor1
GTAACTGAGTACGACG-1	tumor1
GTAACTGGTCGAACAG-1	tumor1
GTAACTGTCCTACAGA-1	tumor1
GTACGTACAATCCGAT-1	tumor1
GTACGTAGTTTGTGTG-1	tumor1
GTACTCCAGAGCCCAA-1	tumor1
GTACTCCAGGTAGCCA-1	tumor1
GTACTCCAGTACGATA-1	tumor1
GTACTCCCACAACTGT-1	tumor1
GTACTCCCATGGTCTA-1	tumor1
GTACTCCGTAGGGTAC-1	tumor1
GTACTCCGTGCCTGGT-1	tumor1
GTACTCCGTTAAGTAG-1	tumor1
GTACTCCGTTCTCATT-1	tumor1
GTACTTTAGAAGAAGC-1	tumor1
GTACTTTCACTCGACG-1	tumor1
GTACTTTGTCGCTTCT-1	tumor1
GTAGGCCAGCTTATCG-1	tumor1
GTAGGCCTCATAACCG-1	tumor1
GTAGGCCTCTGCCCTA-1	tumor1
GTAGTCACATACTACG-1	tumor1
GTAGTCAGTGCCTGCA-1	tumor1
GTAGTCAGTGCTTCTC-1	tumor1
GTAGTCAGTTCCTCCA-1	tumor1
GTATCTTAGCTGTTCA-1	tumor1
GTATCTTAGGGTCGAT-1	tumor1
GTATCTTCACACCGAC-1	tumor1
GTATCTTGTCGCGAAA-1	tumor1
GTATCTTTCACCTTAT-1	tumor1
GTATTCTAGATCCGAG-1	tumor1
GTATTCTAGCGCCTTG-1	tumor1
GTATTCTAGGTTACCT-1	tumor1
GTATTCTCAGCTGCTG-1	tumor1
GTATTCTTCTTCAACT-1	tumor1
GTATTCTTCTTGCAAG-1	tumor1
GTCAAGTAGAACTCGG-1	tumor1
GTCAAGTCACAGACTT-1	tumor1
GTCAAGTGTAGCTCCG-1	tumor1
GTCAAGTTCGGCATCG-1	tumor1
GTCACAACACAACGCC-1	tumor1
GTCACGGCATCGACGC-1	tumor1
GTCACGGGTAAAGTCA-1	tumor1
GTCACGGTCCACTCCA-1	tumor1
GTCACGGTCTTGTATC-1	tumor1
GTCATTTAGCCCGAAA-1	tumor1
GTCATTTCAAATCCGT-1	tumor1
GTCATTTGTCGGCACT-1	tumor1
GTCATTTTCCCAAGTA-1	tumor1
GTCCTCAGTGATGCCC-1	tumor1
GTCCTCAGTTGAACTC-1	tumor1
GTCCTCATCCGTCATC-1	tumor1
GTCGGGTAGACTAAGT-1	tumor1
GTCGGGTCATACGCTA-1	tumor1
GTCGGGTCATTGGTAC-1	tumor1
GTCGGGTGTATCGCAT-1	tumor1
GTCGGGTGTGATAAAC-1	tumor1
GTCGGGTTCCGAGCCA-1	tumor1
GTCGGGTTCCTCAATT-1	tumor1
GTCGTAAAGAAGGTTT-1	tumor1
GTCGTAAAGTACGCGA-1	tumor1
GTCGTAACAGGTTTCA-1	tumor1
GTCGTAAGTAATCGTC-1	tumor1
GTCGTAATCTACGAGT-1	tumor1
GTCTCGTAGATATGGT-1	tumor1
GTCTCGTGTATCGCAT-1	tumor1
GTCTTCGAGAAACCTA-1	tumor1
GTCTTCGGTAGTGAAT-1	tumor1
GTCTTCGGTCATTAGC-1	tumor1
GTCTTCGGTCTCACCT-1	tumor1
GTCTTCGGTTTGGCGC-1	tumor1
GTCTTCGTCGAATCCA-1	tumor1
GTCTTCGTCGGAAATA-1	tumor1
GTGAAGGAGTACGATA-1	tumor1
GTGAAGGCACACAGAG-1	tumor1
GTGAAGGCACATTAGC-1	tumor1
GTGAAGGTCATGTCCC-1	tumor1
GTGCAGCAGATGGCGT-1	tumor1
GTGCAGCAGGCTCATT-1	tumor1
GTGCAGCCAGACAAAT-1	tumor1
GTGCAGCTCAAACCGT-1	tumor1
GTGCAGCTCTCATTCA-1	tumor1
GTGCATAAGCAATATG-1	tumor1
GTGCATAAGCTAGTTC-1	tumor1
GTGCATACATACGCCG-1	tumor1
GTGCATAGTCATGCAT-1	tumor1
GTGCATAGTCTGCCAG-1	tumor1
GTGCATATCCTAGTGA-1	tumor1
GTGCGGTAGAGGTTAT-1	tumor1
GTGCGGTCACCACCAG-1	tumor1
GTGCGGTCAGTCACTA-1	tumor1
GTGCGGTGTCACACGC-1	tumor1
GTGCGGTGTCCAGTGC-1	tumor1
GTGCGGTGTGCTAGCC-1	tumor1
GTGCGGTTCCGAAGAG-1	tumor1
GTGCGGTTCGGAGGTA-1	tumor1
GTGCTTCGTCAACATC-1	tumor1
GTGGGTCAGGTCATCT-1	tumor1
GTGGGTCCAGCTTAAC-1	tumor1
GTGGGTCTCCTCCTAG-1	tumor1
GTGGGTCTCTGTTGAG-1	tumor1
GTGTGCGAGTGAACGC-1	tumor1
GTGTGCGTCTATCCTA-1	tumor1
GTGTTAGAGTACGACG-1	tumor1
GTGTTAGCATGCCACG-1	tumor1
GTGTTAGTCCGAAGAG-1	tumor1
GTTAAGCCAAGCGATG-1	tumor1
GTTAAGCCATATACGC-1	tumor1
GTTAAGCCATGACGGA-1	tumor1
GTTAAGCGTCCGAATT-1	tumor1
GTTAAGCGTCGGGTCT-1	tumor1
GTTAAGCTCTAACTTC-1	tumor1
GTTACAGAGAAGAAGC-1	tumor1
GTTACAGGTCAATGTC-1	tumor1
GTTACAGGTTGTCGCG-1	tumor1
GTTCATTAGAAGGCCT-1	tumor1
GTTCATTAGACTGGGT-1	tumor1
GTTCATTAGGGCTTGA-1	tumor1
GTTCATTGTTATCGGT-1	tumor1
GTTCATTTCAAGGTAA-1	tumor1
GTTCATTTCAGCAACT-1	tumor1
GTTCATTTCGCCAGCA-1	tumor1
GTTCATTTCTGTCCGT-1	tumor2
GTTCGGGAGAAACGAG-1	tumor2
GTTCGGGCACAACTGT-1	tumor2
GTTCGGGGTACCCAAT-1	tumor2
GTTCGGGGTCTTCAAG-1	tumor2
GTTCGGGGTTGGGACA-1	tumor2
GTTCGGGTCTTAGCCC-1	tumor2
GTTCTCGAGGGATACC-1	tumor2
GTTCTCGCACATGTGT-1	tumor2
GTTCTCGGTTACCGAT-1	tumor2
GTTCTCGGTTCAGACT-1	tumor2
GTTCTCGTCAAACCAC-1	tumor2
GTTTCTAAGACAATAC-1	tumor2
GTTTCTACACTAGTAC-1	tumor2
GTTTCTACACTCGACG-1	tumor2
GTTTCTACAGGACGTA-1	tumor2
GTTTCTAGTCGGATCC-1	tumor2
GTTTCTATCAGGCGAA-1	tumor2
GTTTCTATCCAGGGCT-1	tumor2
TAAACCGGTCGATTGT-1	tumor2
TAAACCGGTTCGAATC-1	tumor2
TAAGAGACACATGACT-1	tumor2
TAAGAGAGTAATCGTC-1	tumor2
TAAGAGAGTACTCGCG-1	tumor2
TAAGAGATCTCTGCTG-1	tumor2
TAAGCGTAGGAGTAGA-1	tumor2
TAAGCGTGTATGGTTC-1	tumor2
TAAGCGTTCTTTAGGG-1	tumor2
TAAGTGCAGACAGACC-1	tumor2
TAAGTGCAGTCCCACG-1	tumor2
TAAGTGCAGTTCGATC-1	tumor2
TAAGTGCCACTGCCAG-1	tumor2
TAAGTGCCAGCTCGAC-1	tumor2
TAAGTGCCATCCGGGT-1	tumor2
TAAGTGCCATGCAACT-1	tumor2
TAAGTGCGTGTGAAAT-1	tumor2
TACACGAAGTCGTTTG-1	tumor2
TACACGAGTAGAGGAA-1	tumor2
TACACGAGTCCATGAT-1	tumor2
TACACGATCAAACCAC-1	tumor2
TACACGATCATTGCCC-1	tumor2
TACAGTGGTAAGAGGA-1	tumor2
TACAGTGGTATGCTTG-1	tumor2
TACAGTGGTCATGCAT-1	tumor2
TACCTATAGCACCGCT-1	tumor2
TACCTATAGCGCCTCA-1	tumor2
TACCTATGTATAGGTA-1	tumor2
TACCTATTCGGAAACG-1	tumor2
TACCTTAAGATCGATA-1	tumor2
TACCTTAAGGGTTTCT-1	tumor2
TACCTTAGTAACGCGA-1	tumor2
TACCTTATCACCAGGC-1	tumor2
TACCTTATCCAGTATG-1	tumor2
TACGGATGTTAAGACA-1	tumor2
TACGGATTCACCACCT-1	tumor2
TACGGGCAGGGATCTG-1	tumor2
TACGGGCAGTGACATA-1	tumor2
TACGGGCCACCAACCG-1	tumor2
TACGGGCGTCTAGGTT-1	tumor2
TACGGTAAGATGGCGT-1	tumor2
TACGGTACAAGCCGTC-1	tumor2
TACGGTACATGAACCT-1	tumor2
TACGGTAGTGAAGGCT-1	tumor2
TACGGTAGTGGCAAAC-1	tumor2
TACTCATAGTATGACA-1	tumor2
TACTCATCAATCTACG-1	tumor2
TACTCATCACGAAGCA-1	tumor2
TACTCATCATTACCTT-1	tumor2
TACTCATGTATCGCAT-1	tumor2
TACTCGCAGCCCGAAA-1	tumor2
TACTCGCAGCGACGTA-1	tumor2
TACTCGCGTACAGCAG-1	tumor2
TACTCGCGTATAATGG-1	tumor2
TACTCGCGTCTCAACA-1	tumor2
TACTCGCGTTGGTAAA-1	tumor2
TACTCGCTCACCTCGT-1	tumor2
TACTTACCACTGTGTA-1	tumor2
TACTTACCATCTGGTA-1	tumor2
TACTTGTAGCTTTGGT-1	tumor2
TACTTGTCAATGGAAT-1	tumor2
TACTTGTGTAGGGTAC-1	tumor2
TACTTGTGTCTCTCGT-1	tumor2
TACTTGTTCAAACGGG-1	tumor2
TACTTGTTCACCGGGT-1	tumor2
TACTTGTTCGTTTAGG-1	tumor2
TAGACCAAGGAGCGTT-1	tumor2
TAGACCACACAAGCCC-1	tumor2
TAGACCATCTGCGACG-1	tumor2
TAGAGCTCATCACGTA-1	tumor2
TAGAGCTCATCGGAAG-1	tumor2
TAGCCGGAGACCACGA-1	tumor2
TAGCCGGAGGTCGGAT-1	tumor2
TAGCCGGCAAAGTCAA-1	tumor2
TAGCCGGCAAGCGATG-1	tumor2
TAGCCGGCACTCAGGC-1	tumor2
TAGCCGGCAGTTCCCT-1	tumor2
TAGCCGGGTCATATGC-1	tumor2
TAGCCGGGTGAGTGAC-1	tumor2
TAGCCGGTCCACTGGG-1	tumor2
TAGGCATGTACAAGTA-1	tumor2
TAGGCATGTCAAGCGA-1	tumor2
TAGGCATGTCGATTGT-1	tumor2
TAGGCATGTGAAATCA-1	tumor2
TAGTGGTCAGTTTACG-1	tumor2
TAGTGGTGTAGCTTGT-1	tumor2
TAGTGGTTCTAAGCCA-1	tumor2
TAGTTGGGTAGCGTAG-1	tumor2
TAGTTGGGTGCAGACA-1	tumor2
TAGTTGGTCGGTCTAA-1	tumor2
TATCAGGAGCTTTGGT-1	tumor2
TATCAGGCAGCATACT-1	tumor2
TATCAGGGTAGCGCAA-1	tumor2
TATCAGGGTATTCGTG-1	tumor2
TATCAGGTCTCCAGGG-1	tumor2
TATCTCACAAGCCCAC-1	tumor2
TATCTCACAGCTGTTA-1	tumor2
TATCTCACAGTATCTG-1	tumor2
TATCTCACATGAAGTA-1	tumor2
TATGCCCGTAATCGTC-1	tumor2
TATGCCCTCGCAAACT-1	tumor2
TATTACCCACAGGCCT-1	tumor2
TATTACCTCCGGCACA-1	tumor2
TATTACCTCGGAATCT-1	tumor2
TCAACGAAGATGTGGC-1	tumor2
TCAACGAAGCCACCTG-1	tumor2
TCAACGAGTGTGACGA-1	tumor2
TCAACGATCAAGGTAA-1	tumor2
TCAACGATCCACGTGG-1	tumor2
TCAACGATCGCCGTGA-1	tumor2
TCAACGATCTGCCCTA-1	tumor2
TCAATCTAGATGCGAC-1	tumor2
TCAATCTAGTCCTCCT-1	tumor2
TCAATCTGTGTATGGG-1	tumor2
TCAATCTTCAGCCTAA-1	tumor2
TCACAAGAGCTAGCCC-1	tumor2
TCACAAGAGTAGATGT-1	tumor2
TCACAAGAGTTACCCA-1	tumor2
TCACAAGCAATAACGA-1	tumor2
TCACAAGCACGAGGTA-1	tumor2
TCACAAGCAGGAACGT-1	tumor2
TCACAAGCATGTCTCC-1	tumor2
TCACAAGGTTCCGTCT-1	tumor2
TCACAAGGTTCGTCTC-1	tumor2
TCACGAAAGAGCTGCA-1	tumor2
TCACGAACAATGGAGC-1	tumor2
TCAGATGAGAGTCTGG-1	tumor2
TCAGATGCAGGTCGTC-1	tumor2
TCAGATGCATAGGATA-1	tumor2
TCAGCAAAGCCCAGCT-1	tumor2
TCAGCAAGTCACCCAG-1	tumor2
TCAGCAAGTCCAACTA-1	tumor2
TCAGCAATCTACTCAT-1	tumor2
TCAGCTCAGCTGCAAG-1	tumor2
TCAGCTCAGGCTACGA-1	tumor2
TCAGCTCCAGCGTTCG-1	tumor2
TCAGCTCCATCCGTGG-1	tumor2
TCAGGATCAAACAACA-1	tumor2
TCAGGTAAGAGCTTCT-1	tumor2
TCAGGTAAGGAGTAGA-1	tumor2
TCAGGTAAGGTTCCTA-1	tumor2
TCAGGTACAGATCTGT-1	tumor2
TCAGGTAGTATCACCA-1	tumor2
TCAGGTATCGTGGTCG-1	tumor2
TCATTACAGTGGGTTG-1	tumor2
TCATTACCAAAGCAAT-1	tumor2
TCATTACCAGTGACAG-1	tumor2
TCATTACCATTATCTC-1	tumor2
TCATTACGTATATGGA-1	tumor2
TCATTACGTGGTCCGT-1	tumor2
TCATTACTCATCGCTC-1	tumor2
TCATTACTCCGATATG-1	tumor2
TCATTTGAGCCTCGTG-1	tumor2
TCATTTGAGTAGGCCA-1	tumor2
TCATTTGCAGCGAACA-1	tumor2
TCATTTGTCACCACCT-1	tumor2
TCATTTGTCTAACGGT-1	tumor2
TCATTTGTCTCGCTTG-1	tumor2
TCCCGATAGTTACGGG-1	tumor2
TCCCGATCAATCAGAA-1	tumor2
TCCCGATCAGACAAAT-1	tumor2
TCCCGATCAGCTGCTG-1	tumor2
TCCCGATCAGTCTTCC-1	tumor2
TCCCGATTCACAGGCC-1	tumor2
TCCCGATTCAGTTTGG-1	tumor2
TCCCGATTCCCAAGTA-1	tumor2
TCGAGGCAGTACGCGA-1	tumor2
TCGAGGCCAGCCTTGG-1	tumor2
TCGAGGCCATCCAACA-1	tumor2
TCGAGGCGTGCAGGTA-1	tumor2
TCGCGAGCATACTCTT-1	tumor2
TCGCGAGCATTCTCAT-1	tumor2
TCGCGAGGTCAGAATA-1	tumor2
TCGCGAGTCACCCGAG-1	tumor2
TCGCGTTAGATGCCTT-1	tumor2
TCGCGTTCAATTGCTG-1	tumor2
TCGCGTTGTTCGGGCT-1	tumor2
TCGCGTTGTTGAGGTG-1	tumor2
TCGGGACCACATGACT-1	tumor2
TCGGGACTCTGCTGCT-1	tumor2
TCGGTAAAGAATGTTG-1	tumor2
TCGGTAAAGACGCAAC-1	tumor2
TCGGTAAGTGTAATGA-1	tumor2
TCGGTAATCACCCTCA-1	tumor2
TCGGTAATCCTTAATC-1	tumor2
TCGGTAATCGTTGCCT-1	tumor2
TCGTACCAGAGCTATA-1	tumor2
TCGTACCGTACAGCAG-1	tumor2
TCGTACCGTAGCAAAT-1	tumor2
TCGTACCTCTGTACGA-1	tumor2
TCGTAGAAGCAGATCG-1	tumor2
TCGTAGAAGCCAACAG-1	tumor2
TCGTAGATCCTTGACC-1	tumor2
TCTATTGAGAAACCAT-1	tumor2
TCTATTGAGTATCTCG-1	tumor2
TCTATTGAGTCATGCT-1	tumor2
TCTATTGCACCGCTAG-1	tumor2
TCTATTGTCCATGAGT-1	tumor2
TCTATTGTCGGTGTCG-1	tumor2
TCTCATACACATTCGA-1	tumor2
TCTCATACACGGATAG-1	tumor2
TCTCATAGTGCTAGCC-1	tumor2
TCTCATAGTGTTGGGA-1	tumor2
TCTCTAAAGGTCATCT-1	tumor2
TCTCTAACAGGGTTAG-1	tumor2
TCTCTAATCTTAACCT-1	tumor2
TCTGAGAGTGGTAACG-1	tumor2
TCTGAGATCACAAACC-1	tumor2
TCTGAGATCCAAATGC-1	tumor2
TCTGGAAAGCGTGAAC-1	tumor2
TCTGGAACATAACCTG-1	tumor2
TCTGGAAGTTCGGCAC-1	tumor2
TCTTCGGAGCGCTCCA-1	tumor2
TCTTCGGGTTCGTTGA-1	tumor2
TCTTCGGTCGGCTTGG-1	tumor2
TCTTTCCGTTCAGTAC-1	tumor2
TCTTTCCTCGTTACGA-1	tumor2
TGAAAGACACCAGGTC-1	tumor2
TGAAAGATCACCATAG-1	tumor2
TGAAAGATCCATGCTC-1	tumor2
TGACAACAGGTTCCTA-1	tumor2
TGACAACAGTGACTCT-1	tumor2
TGACAACCAGGAACGT-1	tumor2
TGACAACCAGTCGTGC-1	tumor2
TGACAACGTGCTAGCC-1	tumor2
TGACAACTCACGATGT-1	tumor2
TGACAACTCGAACTGT-1	tumor2
TGACAACTCGTAGATC-1	tumor2
TGACGGCAGAGTCGGT-1	tumor2
TGACGGCAGTCGAGTG-1	tumor2
TGACGGCCACCATGTA-1	tumor2
TGACGGCCAGACGTAG-1	tumor2
TGACGGCTCTGTCAAG-1	tumor2
TGACTAGAGGACACCA-1	tumor2
TGACTAGAGGATCGCA-1	tumor2
TGACTAGAGTCACGCC-1	tumor2
TGACTAGCACACCGAC-1	tumor2
TGACTAGGTCTCTCGT-1	tumor2
TGACTAGTCCATGCTC-1	tumor2
TGACTAGTCTCTTGAT-1	tumor2
TGACTTTAGATCTGCT-1	tumor2
TGACTTTGTCCGCTGA-1	tumor2
TGACTTTTCATGCATG-1	tumor2
TGACTTTTCTGGCGTG-1	tumor2
TGAGAGGCAATGGACG-1	tumor2
TGAGAGGCAGCCAGAA-1	tumor2
TGAGAGGGTAAGGGAA-1	tumor2
TGAGAGGGTAGTAGTA-1	tumor2
TGAGAGGGTTCCACTC-1	tumor2
TGAGAGGGTTGTCGCG-1	tumor2
TGAGCATAGAAGGCCT-1	tumor2
TGAGCATAGCTAAGAT-1	tumor2
TGAGCATCAAAGTCAA-1	tumor2
TGAGCATCAAATCCGT-1	tumor2
TGAGCATCAGTCTTCC-1	tumor2
TGAGCCGCAGTCTTCC-1	tumor2
TGAGCCGCATGGTTGT-1	tumor2
TGAGCCGCATGTAGTC-1	tumor2
TGAGCCGGTCTGCAAT-1	tumor2
TGAGCCGGTGAAGGCT-1	tumor2
TGAGCCGGTGCAGACA-1	tumor2
TGAGCCGGTGCGCTTG-1	tumor2
TGAGGGAAGCCCTAAT-1	tumor2
TGAGGGACAGGCAGTA-1	tumor2
TGAGGGATCCAAAGTC-1	tumor2
TGATTTCCAAAGAATC-1	tumor2
TGATTTCCACGAAACG-1	tumor2
TGATTTCGTAAACCTC-1	tumor2
TGATTTCGTAGCTCCG-1	tumor2
TGATTTCGTTATCACG-1	tumor2
TGCACCTAGCGATCCC-1	tumor2
TGCACCTAGGGTGTTG-1	tumor2
TGCACCTGTCATTAGC-1	tumor2
TGCACCTGTCTGGTCG-1	tumor2
TGCACCTGTTGATTGC-1	tumor2
TGCACCTTCGGTTAAC-1	tumor2
TGCCAAAAGCTAAGAT-1	tumor2
TGCCAAACAGATAATG-1	tumor2
TGCCAAACAGGGAGAG-1	tumor2
TGCCAAAGTACACCGC-1	tumor2
TGCCAAAGTGTTTGGT-1	tumor2
TGCCAAATCGGCCGAT-1	tumor2
TGCCCATCATTCGACA-1	tumor2
TGCCCATGTACAGCAG-1	tumor2
TGCCCATGTATGAATG-1	tumor2
TGCCCATGTCTTGTCC-1	tumor2
TGCCCTACAAGGCTCC-1	tumor2
TGCCCTACATGGTCTA-1	tumor2
TGCCCTAGTAAGTAGT-1	tumor2
TGCGCAGAGATCCCAT-1	tumor2
TGCGCAGAGCCAGTTT-1	tumor2
TGCGCAGCAAGTCTAC-1	tumor2
TGCGCAGCAGATGGGT-1	tumor2
TGCGCAGTCCCAAGTA-1	tumor2
TGCGCAGTCGTAGATC-1	tumor2
TGCGCAGTCTTCGGTC-1	tumor2
TGCGGGTTCAAACAAG-1	tumor2
TGCGGGTTCACGACTA-1	tumor2
TGCGTGGAGTACTTGC-1	tumor2
TGCTACCAGGTGTTAA-1	tumor2
TGCTACCAGGTTCCTA-1	tumor2
TGCTACCCAGGCGATA-1	tumor2
TGCTACCGTCCGAATT-1	tumor2
TGCTACCGTCTCTCTG-1	tumor2
TGCTACCGTTGGTTTG-1	tumor2
TGCTACCTCAGCAACT-1	tumor2
TGCTACCTCAGTCAGT-1	tumor2
TGCTGCTCAAATCCGT-1	tumor2
TGCTGCTCAACACGCC-1	tumor2
TGCTGCTGTAGGACAC-1	tumor2
TGCTGCTGTCCGAATT-1	tumor2
TGCTGCTGTGCGGTAA-1	tumor2
TGGACGCCAAAGCAAT-1	tumor2
TGGACGCCAGCCTGTG-1	tumor2
TGGACGCTCGTTACGA-1	tumor2
TGGCCAGCAAGTTCTG-1	tumor2
TGGCCAGCACTGTGTA-1	tumor2
TGGCCAGGTTATCACG-1	tumor2
TGGCCAGTCAAGAAGT-1	tumor2
TGGCCAGTCCAGTATG-1	tumor2
TGGCGCAAGAGTGAGA-1	tumor2
TGGCGCATCCTAGTGA-1	tumor2
TGGCGCATCGCTTAGA-1	tumor2
TGGCGCATCGTACGGC-1	tumor2
TGGCGCATCTGGGCCA-1	tumor2
TGGCTGGAGAGGGATA-1	tumor2
TGGCTGGCACAGACTT-1	tumor2
TGGCTGGGTCAGGACA-1	tumor2
TGGCTGGTCTGCCCTA-1	tumor2
TGGGAAGAGCTTATCG-1	tumor2
TGGGAAGCAACTGCGC-1	tumor2
TGGGAAGCACGAAGCA-1	tumor2
TGGGAAGCAGCATACT-1	tumor2
TGGGAAGCATCCGCGA-1	tumor2
TGGGCGTAGATCGGGT-1	tumor2
TGGGCGTCATGCAATC-1	tumor2
TGGGCGTGTCACCCAG-1	tumor2
TGGTTAGGTAATAGCA-1	tumor2
TGGTTCCCAACGCACC-1	tumor2
TGGTTCCCAGATAATG-1	tumor2
TGGTTCCGTAAATGAC-1	tumor2
TGGTTCCGTAAGTTCC-1	tumor2
TGGTTCCGTGGTACAG-1	tumor2
TGGTTCCTCACTTACT-1	tumor2
TGTATTCAGTGTTGAA-1	tumor2
TGTATTCTCAGTGCAT-1	tumor2
TGTCCCAAGAGCCTAG-1	tumor2
TGTCCCAAGAGTACAT-1	tumor2
TGTCCCAAGGACATTA-1	tumor2
TGTCCCACAAACGCGA-1	tumor2
TGTCCCAGTCCATCCT-1	tumor2
TGTCCCAGTTCCCGAG-1	tumor2
TGTGGTAAGCCACCTG-1	tumor2
TGTGGTAAGTGTTTGC-1	tumor2
TGTGGTACAGTCCTTC-1	tumor2
TGTGGTAGTCTCTTAT-1	tumor2
TGTGGTATCATAAAGG-1	tumor2
TGTGGTATCCAAACAC-1	tumor2
TGTGGTATCTGTCTAT-1	tumor2
TGTGTTTGTAGCAAAT-1	tumor2
TGTTCCGAGTAATCCC-1	tumor2
TGTTCCGCATCTACGA-1	tumor2
TGTTCCGTCACTGGGC-1	tumor2
TTAACTCAGAATGTGT-1	tumor2
TTAACTCAGAATTGTG-1	tumor2
TTAACTCAGAGCAATT-1	tumor2
TTAACTCAGTAAGTAC-1	tumor2
TTAACTCAGTTTGCGT-1	tumor2
TTAACTCCATGAGCGA-1	tumor2
TTAACTCGTACTTAGC-1	tumor2
TTAACTCTCTGTCAAG-1	tumor2
TTAACTCTCTGTTGAG-1	tumor2
TTAGGACAGCCACGCT-1	tumor2
TTAGGACAGTACGACG-1	tumor2
TTAGGACCACCGCTAG-1	tumor2
TTAGGACCAGCGTCCA-1	tumor2
TTAGGACGTCTAAAGA-1	tumor2
TTAGGACTCACCATAG-1	tumor2
TTAGGCAAGGCAAAGA-1	tumor2
TTAGGCAGTGAGCGAT-1	tumor2
TTAGGCATCCTTGGTC-1	tumor2
TTAGGCATCTTGCCGT-1	tumor2
TTAGTTCAGAGACTAT-1	tumor2
TTAGTTCAGATGAGAG-1	tumor2
TTAGTTCAGGACAGCT-1	tumor2
TTAGTTCAGGGTCTCC-1	tumor2
TTAGTTCCAAGCTGGA-1	tumor2
TTAGTTCGTATGCTTG-1	tumor2
TTAGTTCTCGCGTTTC-1	tumor2
TTATGCTAGTGTACGG-1	tumor2
TTATGCTGTCTAGTCA-1	tumor2
TTATGCTTCTAGAGTC-1	tumor2
TTCCCAGAGACCACGA-1	tumor2
TTCCCAGAGGCGATAC-1	tumor2
TTCCCAGAGTAGGCCA-1	tumor2
TTCCCAGCACGTTGGC-1	tumor2
TTCCCAGCAGCTGCTG-1	tumor2
TTCGAAGAGATAGGAG-1	tumor2
TTCGAAGAGGACCACA-1	tumor2
TTCGAAGCAAAGCGGT-1	tumor2
TTCGAAGCACATCCAA-1	tumor2
TTCGAAGGTCCGAGTC-1	tumor2
TTCGAAGGTGGTTTCA-1	tumor2
TTCGAAGTCGCGGATC-1	tumor2
TTCGGTCAGTGCCATT-1	tumor2
TTCGGTCGTAGCGCAA-1	tumor2
TTCGGTCTCCGAGCCA-1	tumor2
TTCGGTCTCGGCTTGG-1	tumor2
TTCTACAAGACAGGCT-1	tumor2
TTCTACACACAGGCCT-1	tumor2
TTCTACATCGTACGGC-1	tumor2
TTCTACATCGTGGTCG-1	tumor2
TTCTACATCTCTGTCG-1	tumor2
TTCTCAAAGAAAGTGG-1	tumor2
TTCTCAAAGCGTAGTG-1	tumor2
TTCTCAAAGGCCCTTG-1	tumor2
TTCTCAACACATCCAA-1	tumor2
TTCTCAAGTTTGGGCC-1	tumor2
TTCTCCTAGTGTCCAT-1	tumor2
TTCTCCTCAAGGCTCC-1	tumor2
TTCTCCTCAGCGTAAG-1	tumor2
TTCTCCTGTAAGGGAA-1	tumor2
TTCTCCTTCCCTAACC-1	tumor2
TTCTTAGCAATAACGA-1	tumor2
TTCTTAGGTCTAGCGC-1	tumor2
TTCTTAGTCCTATTCA-1	tumor2
TTCTTAGTCGTGGACC-1	tumor2
TTGAACGAGCGTTGCC-1	tumor2
TTGAACGCAATCCAAC-1	tumor2
TTGACTTGTGAGGGAG-1	tumor2
TTGACTTGTGCTAGCC-1	tumor2
TTGCCGTAGGCCATAG-1	tumor2
TTGCCGTAGTCACGCC-1	tumor2
TTGCCGTCAAACCTAC-1	tumor2
TTGCCGTGTAAGGATT-1	tumor2
TTGCCGTGTCTCCCTA-1	tumor2
TTGCCGTGTGTGCGTC-1	tumor2
TTGCCGTTCACGCGGT-1	tumor2
TTGCGTCGTCAGAAGC-1	tumor2
TTGCGTCGTGGGTCAA-1	tumor2
TTGCGTCTCCAAATGC-1	tumor2
TTGCGTCTCGCCGTGA-1	tumor2
TTGGAACAGCTAACAA-1	tumor2
TTGGAACAGCTCAACT-1	tumor2
TTGGAACCATCGTCGG-1	tumor2
TTGGAACCATGCATGT-1	tumor2
TTGGAACGTAAATACG-1	tumor2
TTGGAACTCCCTTGCA-1	tumor2
TTGGAACTCTTGCAAG-1	tumor2
TTGGCAAAGGTGGGTT-1	tumor2
TTGGCAACAATAGCAA-1	tumor2
TTGGCAACAGGCTCAC-1	tumor2
TTGGCAATCAAGGTAA-1	tumor2
TTGGCAATCGGTTAAC-1	tumor2
TTGTAGGCAACACGCC-1	tumor2
TTGTAGGCACCGAATT-1	tumor2
TTGTAGGGTATGGTTC-1	tumor2
TTGTAGGGTCAGAATA-1	tumor2
TTGTAGGTCTGCCAGG-1	tumor2
TTTACTGCATGACATC-1	tumor2
TTTACTGGTTGGACCC-1	tumor2
TTTACTGTCACAAACC-1	tumor2
TTTACTGTCACAATGC-1	tumor2
TTTATGCAGGGCATGT-1	tumor2
TTTATGCCATCGGTTA-1	tumor2
TTTATGCGTGCACTTA-1	tumor2
TTTATGCTCACATAGC-1	tumor2
TTTATGCTCTCGATGA-1	tumor2
TTTCCTCAGTTTGCGT-1	tumor2
TTTCCTCCAATCCGAT-1	tumor2
TTTCCTCTCAGCTGGC-1	tumor2
TTTGCGCAGCGGATCA-1	tumor2
TTTGCGCAGTGTCCAT-1	tumor2
TTTGCGCCAGATGAGC-1	tumor2
TTTGGTTGTTCTGTTT-1	tumor2
TTTGTCAAGACCTTTG-1	tumor2
TTTGTCAGTATAAACG-1	tumor2
TTTGTCAGTGTCAATC-1	tumor2
TTTGTCAGTTGATTGC-1	tumor2
TTTGTCATCCGTTGCT-1	tumor2
